[32mActivated conda/uv virtual environment at [36m/venv/main[0m
[hp_bc_24k_seed0] device=cuda params=5.10M vocab=56 seq_len=87
step    400 loss 5.9107 [ntp=2.048 backchain=3.863 bc_g=2.382 bc_m=3.225 bc_a=2.118] path_acc 0.000 decision_acc 0.062 erank 25.3 (137.8k tok/s)
step    800 loss 5.1904 [ntp=1.959 backchain=3.231 bc_g=2.289 bc_m=2.937 bc_a=1.237] path_acc 0.000 decision_acc 0.031 erank 11.1 (139.2k tok/s)
step   1200 loss 2.0640 [ntp=0.336 backchain=1.728 bc_g=0.005 bc_m=2.699 bc_a=0.753] path_acc 0.176 decision_acc 0.176 erank 7.6 (140.6k tok/s)
step   1600 loss 1.7767 [ntp=0.333 backchain=1.444 bc_g=0.003 bc_m=2.191 bc_a=0.693] path_acc 0.215 decision_acc 0.215 erank 2.7 (140.6k tok/s)
step   2000 loss 1.5641 [ntp=0.285 backchain=1.279 bc_g=0.003 bc_m=1.878 bc_a=0.677] path_acc 0.223 decision_acc 0.223 erank 2.4 (140.5k tok/s)
step   2400 loss 1.5318 [ntp=0.281 backchain=1.250 bc_g=0.001 bc_m=1.739 bc_a=0.761] path_acc 0.180 decision_acc 0.180 erank 1.6 (142.8k tok/s)
step   2800 loss 1.5309 [ntp=0.261 backchain=1.270 bc_g=0.001 bc_m=1.616 bc_a=0.922] path_acc 0.188 decision_acc 0.188 erank 1.4 (144.6k tok/s)
step   3200 loss 1.5572 [ntp=0.263 backchain=1.294 bc_g=0.001 bc_m=1.552 bc_a=1.036] path_acc 0.238 decision_acc 0.238 erank 1.4 (143.4k tok/s)
step   3600 loss 1.5704 [ntp=0.245 backchain=1.325 bc_g=0.001 bc_m=1.487 bc_a=1.163] path_acc 0.207 decision_acc 0.207 erank 1.2 (144.0k tok/s)
step   4000 loss 1.5648 [ntp=0.252 backchain=1.313 bc_g=0.001 bc_m=1.410 bc_a=1.215] path_acc 0.211 decision_acc 0.211 erank 1.2 (143.0k tok/s)
step   4400 loss 1.6068 [ntp=0.250 backchain=1.357 bc_g=0.001 bc_m=1.402 bc_a=1.310] path_acc 0.199 decision_acc 0.199 erank 1.1 (142.3k tok/s)
step   4800 loss 1.5524 [ntp=0.239 backchain=1.313 bc_g=0.001 bc_m=1.351 bc_a=1.275] path_acc 0.207 decision_acc 0.207 erank 1.1 (141.6k tok/s)
step   5200 loss 1.5318 [ntp=0.242 backchain=1.290 bc_g=0.000 bc_m=1.328 bc_a=1.252] path_acc 0.211 decision_acc 0.211 erank 1.1 (141.1k tok/s)
step   5600 loss 1.5553 [ntp=0.247 backchain=1.308 bc_g=0.000 bc_m=1.318 bc_a=1.297] path_acc 0.215 decision_acc 0.215 erank 1.1 (140.5k tok/s)
step   6000 loss 1.5689 [ntp=0.245 backchain=1.324 bc_g=0.000 bc_m=1.279 bc_a=1.369] path_acc 0.188 decision_acc 0.188 erank 1.1 (140.1k tok/s)
step   6400 loss 1.5701 [ntp=0.239 backchain=1.331 bc_g=0.000 bc_m=1.165 bc_a=1.498] path_acc 0.207 decision_acc 0.207 erank 1.1 (139.7k tok/s)
step   6800 loss 1.5840 [ntp=0.247 backchain=1.337 bc_g=0.000 bc_m=1.153 bc_a=1.521] path_acc 0.223 decision_acc 0.223 erank 1.1 (139.4k tok/s)
step   7200 loss 1.5675 [ntp=0.247 backchain=1.320 bc_g=0.000 bc_m=1.162 bc_a=1.478] path_acc 0.203 decision_acc 0.203 erank 1.1 (140.3k tok/s)
step   7600 loss 1.5044 [ntp=0.241 backchain=1.263 bc_g=0.000 bc_m=1.154 bc_a=1.371] path_acc 0.211 decision_acc 0.211 erank 1.1 (140.3k tok/s)
step   8000 loss 1.4604 [ntp=0.242 backchain=1.218 bc_g=0.000 bc_m=1.118 bc_a=1.318] path_acc 0.207 decision_acc 0.207 erank 1.0 (141.1k tok/s)
step   8400 loss 1.4573 [ntp=0.240 backchain=1.217 bc_g=0.000 bc_m=1.112 bc_a=1.322] path_acc 0.188 decision_acc 0.188 erank 1.1 (141.1k tok/s)
step   8800 loss 1.4436 [ntp=0.243 backchain=1.200 bc_g=0.000 bc_m=1.077 bc_a=1.323] path_acc 0.219 decision_acc 0.219 erank 1.1 (142.2k tok/s)
step   9200 loss 1.4569 [ntp=0.246 backchain=1.211 bc_g=0.000 bc_m=1.089 bc_a=1.332] path_acc 0.223 decision_acc 0.223 erank 1.0 (142.1k tok/s)
step   9600 loss 1.4670 [ntp=0.237 backchain=1.230 bc_g=0.000 bc_m=1.088 bc_a=1.372] path_acc 0.156 decision_acc 0.156 erank 1.0 (142.8k tok/s)
step  10000 loss 1.5048 [ntp=0.238 backchain=1.267 bc_g=0.000 bc_m=1.065 bc_a=1.468] path_acc 0.207 decision_acc 0.207 erank 1.0 (142.8k tok/s)
step  10400 loss 1.5591 [ntp=0.246 backchain=1.313 bc_g=0.000 bc_m=1.072 bc_a=1.553] path_acc 0.211 decision_acc 0.211 erank 1.0 (142.7k tok/s)
step  10800 loss 1.5290 [ntp=0.241 backchain=1.288 bc_g=0.000 bc_m=1.051 bc_a=1.524] path_acc 0.188 decision_acc 0.188 erank 1.0 (143.0k tok/s)
step  11200 loss 1.5151 [ntp=0.234 backchain=1.281 bc_g=0.000 bc_m=1.010 bc_a=1.551] path_acc 0.246 decision_acc 0.246 erank 1.0 (144.0k tok/s)
step  11600 loss 1.5356 [ntp=0.239 backchain=1.297 bc_g=0.000 bc_m=1.038 bc_a=1.556] path_acc 0.168 decision_acc 0.168 erank 1.0 (144.2k tok/s)
step  12000 loss 1.5373 [ntp=0.237 backchain=1.300 bc_g=0.000 bc_m=1.030 bc_a=1.570] path_acc 0.195 decision_acc 0.195 erank 1.0 (144.4k tok/s)
step  12400 loss 1.5343 [ntp=0.238 backchain=1.296 bc_g=0.000 bc_m=1.016 bc_a=1.576] path_acc 0.227 decision_acc 0.227 erank 1.0 (144.3k tok/s)
step  12800 loss 1.5371 [ntp=0.236 backchain=1.301 bc_g=0.000 bc_m=1.017 bc_a=1.585] path_acc 0.234 decision_acc 0.234 erank 1.0 (144.3k tok/s)
step  13200 loss 1.5232 [ntp=0.231 backchain=1.292 bc_g=0.000 bc_m=1.000 bc_a=1.585] path_acc 0.230 decision_acc 0.230 erank 1.0 (144.4k tok/s)
step  13600 loss 1.5347 [ntp=0.237 backchain=1.297 bc_g=0.000 bc_m=0.977 bc_a=1.618] path_acc 0.219 decision_acc 0.219 erank 1.0 (144.4k tok/s)
step  14000 loss 1.5583 [ntp=0.235 backchain=1.323 bc_g=0.000 bc_m=0.984 bc_a=1.662] path_acc 0.176 decision_acc 0.176 erank 1.0 (144.9k tok/s)
step  14400 loss 1.5600 [ntp=0.235 backchain=1.325 bc_g=0.000 bc_m=0.957 bc_a=1.693] path_acc 0.211 decision_acc 0.211 erank 1.0 (145.0k tok/s)
step  14800 loss 1.5896 [ntp=0.236 backchain=1.354 bc_g=0.000 bc_m=0.963 bc_a=1.744] path_acc 0.215 decision_acc 0.215 erank 1.0 (144.9k tok/s)
step  15200 loss 1.6095 [ntp=0.240 backchain=1.370 bc_g=0.000 bc_m=0.983 bc_a=1.757] path_acc 0.191 decision_acc 0.191 erank 1.0 (145.0k tok/s)
step  15600 loss 1.5952 [ntp=0.234 backchain=1.361 bc_g=0.000 bc_m=0.942 bc_a=1.780] path_acc 0.168 decision_acc 0.168 erank 1.0 (145.0k tok/s)
step  16000 loss 1.6113 [ntp=0.235 backchain=1.377 bc_g=0.000 bc_m=0.931 bc_a=1.822] path_acc 0.148 decision_acc 0.148 erank 1.0 (144.9k tok/s)
step  16400 loss 1.6187 [ntp=0.234 backchain=1.385 bc_g=0.000 bc_m=0.944 bc_a=1.826] path_acc 0.184 decision_acc 0.184 erank 1.0 (145.2k tok/s)
step  16800 loss 1.6242 [ntp=0.235 backchain=1.389 bc_g=0.000 bc_m=0.921 bc_a=1.857] path_acc 0.172 decision_acc 0.172 erank 1.0 (145.6k tok/s)
step  17200 loss 1.6447 [ntp=0.234 backchain=1.411 bc_g=0.000 bc_m=0.918 bc_a=1.903] path_acc 0.219 decision_acc 0.219 erank 1.0 (145.9k tok/s)
step  17600 loss 1.6448 [ntp=0.234 backchain=1.411 bc_g=0.000 bc_m=0.930 bc_a=1.892] path_acc 0.199 decision_acc 0.199 erank 1.0 (145.9k tok/s)
step  18000 loss 1.6589 [ntp=0.235 backchain=1.424 bc_g=0.000 bc_m=0.920 bc_a=1.929] path_acc 0.191 decision_acc 0.191 erank 1.0 (145.9k tok/s)
step  18400 loss 1.6400 [ntp=0.233 backchain=1.407 bc_g=0.000 bc_m=0.894 bc_a=1.919] path_acc 0.223 decision_acc 0.223 erank 1.0 (146.8k tok/s)
step  18800 loss 1.6467 [ntp=0.234 backchain=1.413 bc_g=0.000 bc_m=0.892 bc_a=1.933] path_acc 0.191 decision_acc 0.191 erank 1.0 (147.7k tok/s)
step  19200 loss 1.6693 [ntp=0.233 backchain=1.437 bc_g=0.000 bc_m=0.915 bc_a=1.958] path_acc 0.164 decision_acc 0.164 erank 1.0 (148.6k tok/s)
step  19600 loss 1.6724 [ntp=0.234 backchain=1.439 bc_g=0.000 bc_m=0.894 bc_a=1.983] path_acc 0.184 decision_acc 0.184 erank 1.0 (149.5k tok/s)
step  20000 loss 1.6760 [ntp=0.232 backchain=1.444 bc_g=0.000 bc_m=0.913 bc_a=1.974] path_acc 0.238 decision_acc 0.238 erank 1.0 (150.4k tok/s)
step  20400 loss 1.6763 [ntp=0.234 backchain=1.442 bc_g=0.000 bc_m=0.883 bc_a=2.001] path_acc 0.184 decision_acc 0.184 erank 1.0 (151.2k tok/s)
step  20800 loss 1.6910 [ntp=0.232 backchain=1.459 bc_g=0.000 bc_m=0.897 bc_a=2.022] path_acc 0.164 decision_acc 0.164 erank 1.0 (151.0k tok/s)
step  21200 loss 1.6918 [ntp=0.236 backchain=1.456 bc_g=0.000 bc_m=0.894 bc_a=2.018] path_acc 0.211 decision_acc 0.211 erank 1.0 (150.6k tok/s)
step  21600 loss 1.6924 [ntp=0.232 backchain=1.461 bc_g=0.000 bc_m=0.885 bc_a=2.036] path_acc 0.250 decision_acc 0.250 erank 1.0 (150.3k tok/s)
step  22000 loss 1.6971 [ntp=0.231 backchain=1.466 bc_g=0.000 bc_m=0.876 bc_a=2.055] path_acc 0.164 decision_acc 0.164 erank 1.0 (150.0k tok/s)
step  22400 loss 1.6962 [ntp=0.234 backchain=1.462 bc_g=0.000 bc_m=0.885 bc_a=2.039] path_acc 0.184 decision_acc 0.184 erank 1.0 (149.6k tok/s)
step  22800 loss 1.6991 [ntp=0.229 backchain=1.470 bc_g=0.000 bc_m=0.868 bc_a=2.071] path_acc 0.184 decision_acc 0.184 erank 1.0 (149.4k tok/s)
step  23200 loss 1.6982 [ntp=0.231 backchain=1.467 bc_g=0.000 bc_m=0.870 bc_a=2.064] path_acc 0.184 decision_acc 0.184 erank 1.0 (149.1k tok/s)
step  23600 loss 1.7054 [ntp=0.231 backchain=1.475 bc_g=0.000 bc_m=0.872 bc_a=2.078] path_acc 0.195 decision_acc 0.195 erank 1.0 (148.8k tok/s)
step  24000 loss 1.6958 [ntp=0.232 backchain=1.464 bc_g=0.000 bc_m=0.874 bc_a=2.053] path_acc 0.172 decision_acc 0.172 erank 1.0 (148.6k tok/s)
SUMMARY {"run": "hp_bc_24k_seed0", "config": "configs/ablation/hp_bc_24k.yaml", "device": "cuda", "params": 5099008, "steps": 24000, "final": {"path_acc": 0.171875, "decision_acc": 0.171875}, "best": {"path_acc": 0.25, "decision_acc": 0.25}, "eranks": {"erank_0": 39.41, "erank_1": 1.26, "erank_2": 1.01, "erank_3": 1.02, "erank_4": 1.02, "erank_5": 1.02, "erank_6": 1.03}, "wall_s": 1798.8}
[hp_bc_24k_seed1] device=cuda params=5.10M vocab=56 seq_len=87
step    400 loss 6.0225 [ntp=2.067 backchain=3.956 bc_g=2.415 bc_m=3.219 bc_a=2.277] path_acc 0.000 decision_acc 0.051 erank 7.7 (137.0k tok/s)
step    800 loss 2.6237 [ntp=0.447 backchain=2.177 bc_g=0.067 bc_m=2.985 bc_a=1.301] path_acc 0.180 decision_acc 0.180 erank 16.5 (139.9k tok/s)
step   1200 loss 2.2001 [ntp=0.364 backchain=1.836 bc_g=0.024 bc_m=2.777 bc_a=0.872] path_acc 0.180 decision_acc 0.184 erank 4.2 (139.1k tok/s)
step   1600 loss 1.8990 [ntp=0.314 backchain=1.585 bc_g=0.003 bc_m=2.257 bc_a=0.909] path_acc 0.211 decision_acc 0.211 erank 2.7 (139.1k tok/s)
step   2000 loss 1.7786 [ntp=0.316 backchain=1.462 bc_g=0.002 bc_m=1.990 bc_a=0.933] path_acc 0.199 decision_acc 0.199 erank 1.9 (138.9k tok/s)
step   2400 loss 1.6133 [ntp=0.266 backchain=1.347 bc_g=0.002 bc_m=1.716 bc_a=0.977] path_acc 0.184 decision_acc 0.184 erank 1.6 (138.8k tok/s)
step   2800 loss 1.6515 [ntp=0.261 backchain=1.390 bc_g=0.004 bc_m=1.559 bc_a=1.218] path_acc 0.199 decision_acc 0.199 erank 1.4 (138.9k tok/s)
step   3200 loss 1.7200 [ntp=0.264 backchain=1.456 bc_g=0.001 bc_m=1.516 bc_a=1.396] path_acc 0.184 decision_acc 0.184 erank 1.4 (139.3k tok/s)
step   3600 loss 1.7207 [ntp=0.250 backchain=1.470 bc_g=0.001 bc_m=1.444 bc_a=1.496] path_acc 0.219 decision_acc 0.219 erank 1.3 (139.1k tok/s)
step   4000 loss 1.7486 [ntp=0.256 backchain=1.493 bc_g=0.001 bc_m=1.348 bc_a=1.637] path_acc 0.188 decision_acc 0.188 erank 1.3 (139.0k tok/s)
step   4400 loss 1.6061 [ntp=0.254 backchain=1.352 bc_g=0.000 bc_m=1.184 bc_a=1.521] path_acc 0.184 decision_acc 0.184 erank 1.2 (139.0k tok/s)
step   4800 loss 1.3796 [ntp=0.240 backchain=1.140 bc_g=0.001 bc_m=1.140 bc_a=1.139] path_acc 0.180 decision_acc 0.180 erank 1.3 (139.0k tok/s)
step   5200 loss 1.2755 [ntp=0.251 backchain=1.024 bc_g=0.000 bc_m=1.135 bc_a=0.913] path_acc 0.191 decision_acc 0.191 erank 1.2 (139.0k tok/s)
step   5600 loss 1.2425 [ntp=0.240 backchain=1.003 bc_g=0.000 bc_m=1.129 bc_a=0.876] path_acc 0.191 decision_acc 0.191 erank 1.2 (139.0k tok/s)
step   6000 loss 1.1957 [ntp=0.234 backchain=0.961 bc_g=0.000 bc_m=1.096 bc_a=0.826] path_acc 0.180 decision_acc 0.180 erank 1.2 (139.0k tok/s)
step   6400 loss 1.1848 [ntp=0.246 backchain=0.939 bc_g=0.000 bc_m=1.059 bc_a=0.819] path_acc 0.148 decision_acc 0.148 erank 1.2 (139.2k tok/s)
step   6800 loss 1.1678 [ntp=0.242 backchain=0.926 bc_g=0.000 bc_m=1.046 bc_a=0.805] path_acc 0.195 decision_acc 0.195 erank 1.2 (139.9k tok/s)
step   7200 loss 1.1536 [ntp=0.235 backchain=0.919 bc_g=0.000 bc_m=1.021 bc_a=0.816] path_acc 0.188 decision_acc 0.188 erank 1.2 (139.9k tok/s)
step   7600 loss 1.1385 [ntp=0.235 backchain=0.903 bc_g=0.000 bc_m=1.001 bc_a=0.805] path_acc 0.219 decision_acc 0.219 erank 1.2 (141.6k tok/s)
step   8000 loss 1.1509 [ntp=0.236 backchain=0.915 bc_g=0.000 bc_m=0.987 bc_a=0.843] path_acc 0.230 decision_acc 0.230 erank 1.2 (143.6k tok/s)
step   8400 loss 1.1629 [ntp=0.238 backchain=0.925 bc_g=0.000 bc_m=0.971 bc_a=0.878] path_acc 0.164 decision_acc 0.164 erank 1.2 (145.6k tok/s)
step   8800 loss 1.1788 [ntp=0.242 backchain=0.937 bc_g=0.000 bc_m=0.961 bc_a=0.912] path_acc 0.211 decision_acc 0.211 erank 1.2 (146.4k tok/s)
step   9200 loss 1.1761 [ntp=0.232 backchain=0.944 bc_g=0.000 bc_m=0.930 bc_a=0.958] path_acc 0.164 decision_acc 0.164 erank 1.2 (148.3k tok/s)
step   9600 loss 1.1806 [ntp=0.239 backchain=0.942 bc_g=0.000 bc_m=0.920 bc_a=0.963] path_acc 0.234 decision_acc 0.234 erank 1.2 (150.0k tok/s)
step  10000 loss 1.1780 [ntp=0.229 backchain=0.949 bc_g=0.000 bc_m=0.931 bc_a=0.966] path_acc 0.230 decision_acc 0.230 erank 1.2 (151.0k tok/s)
step  10400 loss 1.1990 [ntp=0.250 backchain=0.949 bc_g=0.000 bc_m=0.914 bc_a=0.983] path_acc 0.180 decision_acc 0.180 erank 1.2 (150.5k tok/s)
step  10800 loss 1.1973 [ntp=0.237 backchain=0.960 bc_g=0.000 bc_m=0.903 bc_a=1.017] path_acc 0.215 decision_acc 0.215 erank 1.2 (149.9k tok/s)
step  11200 loss 1.1783 [ntp=0.237 backchain=0.942 bc_g=0.000 bc_m=0.879 bc_a=1.004] path_acc 0.211 decision_acc 0.211 erank 1.2 (149.5k tok/s)
step  11600 loss 1.1798 [ntp=0.231 backchain=0.949 bc_g=0.000 bc_m=0.883 bc_a=1.016] path_acc 0.227 decision_acc 0.227 erank 1.2 (150.1k tok/s)
step  12000 loss 1.1927 [ntp=0.236 backchain=0.957 bc_g=0.000 bc_m=0.863 bc_a=1.050] path_acc 0.195 decision_acc 0.195 erank 1.2 (150.0k tok/s)
step  12400 loss 1.2050 [ntp=0.240 backchain=0.965 bc_g=0.000 bc_m=0.863 bc_a=1.067] path_acc 0.258 decision_acc 0.258 erank 1.3 (149.6k tok/s)
step  12800 loss 1.2138 [ntp=0.239 backchain=0.975 bc_g=0.000 bc_m=0.844 bc_a=1.105] path_acc 0.223 decision_acc 0.223 erank 1.2 (149.3k tok/s)
step  13200 loss 1.2266 [ntp=0.236 backchain=0.991 bc_g=0.000 bc_m=0.853 bc_a=1.128] path_acc 0.195 decision_acc 0.195 erank 1.2 (150.3k tok/s)
step  13600 loss 1.2309 [ntp=0.237 backchain=0.994 bc_g=0.000 bc_m=0.858 bc_a=1.129] path_acc 0.188 decision_acc 0.188 erank 1.2 (151.5k tok/s)
step  14000 loss 1.2236 [ntp=0.237 backchain=0.987 bc_g=0.000 bc_m=0.815 bc_a=1.159] path_acc 0.238 decision_acc 0.238 erank 1.2 (152.6k tok/s)
step  14400 loss 1.2350 [ntp=0.238 backchain=0.997 bc_g=0.000 bc_m=0.806 bc_a=1.188] path_acc 0.223 decision_acc 0.223 erank 1.2 (152.3k tok/s)
step  14800 loss 1.2641 [ntp=0.241 backchain=1.023 bc_g=0.000 bc_m=0.818 bc_a=1.227] path_acc 0.219 decision_acc 0.219 erank 1.2 (152.0k tok/s)
step  15200 loss 1.2585 [ntp=0.235 backchain=1.024 bc_g=0.000 bc_m=0.789 bc_a=1.259] path_acc 0.184 decision_acc 0.184 erank 1.2 (151.7k tok/s)
step  15600 loss 1.2806 [ntp=0.235 backchain=1.046 bc_g=0.000 bc_m=0.786 bc_a=1.305] path_acc 0.254 decision_acc 0.254 erank 1.2 (151.5k tok/s)
step  16000 loss 1.3072 [ntp=0.237 backchain=1.070 bc_g=0.000 bc_m=0.804 bc_a=1.337] path_acc 0.195 decision_acc 0.195 erank 1.2 (151.9k tok/s)
step  16400 loss 1.3110 [ntp=0.236 backchain=1.075 bc_g=0.000 bc_m=0.779 bc_a=1.370] path_acc 0.180 decision_acc 0.180 erank 1.2 (151.9k tok/s)
step  16800 loss 1.3176 [ntp=0.231 backchain=1.087 bc_g=0.000 bc_m=0.759 bc_a=1.414] path_acc 0.211 decision_acc 0.211 erank 1.2 (151.6k tok/s)
step  17200 loss 1.3303 [ntp=0.231 backchain=1.099 bc_g=0.000 bc_m=0.759 bc_a=1.440] path_acc 0.262 decision_acc 0.262 erank 1.3 (151.3k tok/s)
step  17600 loss 1.3451 [ntp=0.235 backchain=1.110 bc_g=0.000 bc_m=0.775 bc_a=1.446] path_acc 0.219 decision_acc 0.219 erank 1.3 (151.0k tok/s)
step  18000 loss 1.3707 [ntp=0.235 backchain=1.136 bc_g=0.000 bc_m=0.763 bc_a=1.509] path_acc 0.215 decision_acc 0.215 erank 1.2 (150.6k tok/s)
step  18400 loss 1.3926 [ntp=0.232 backchain=1.160 bc_g=0.000 bc_m=0.771 bc_a=1.550] path_acc 0.270 decision_acc 0.270 erank 1.3 (150.3k tok/s)
step  18800 loss 1.4006 [ntp=0.232 backchain=1.168 bc_g=0.000 bc_m=0.771 bc_a=1.566] path_acc 0.188 decision_acc 0.188 erank 1.2 (150.4k tok/s)
step  19200 loss 1.3924 [ntp=0.232 backchain=1.160 bc_g=0.000 bc_m=0.752 bc_a=1.569] path_acc 0.203 decision_acc 0.203 erank 1.3 (151.2k tok/s)
step  19600 loss 1.4038 [ntp=0.232 backchain=1.171 bc_g=0.000 bc_m=0.750 bc_a=1.593] path_acc 0.199 decision_acc 0.199 erank 1.2 (151.8k tok/s)
step  20000 loss 1.4054 [ntp=0.232 backchain=1.173 bc_g=0.000 bc_m=0.728 bc_a=1.619] path_acc 0.230 decision_acc 0.230 erank 1.2 (151.5k tok/s)
step  20400 loss 1.4206 [ntp=0.234 backchain=1.187 bc_g=0.000 bc_m=0.754 bc_a=1.620] path_acc 0.219 decision_acc 0.219 erank 1.3 (151.3k tok/s)
step  20800 loss 1.4284 [ntp=0.236 backchain=1.192 bc_g=0.000 bc_m=0.745 bc_a=1.640] path_acc 0.195 decision_acc 0.195 erank 1.3 (151.1k tok/s)
step  21200 loss 1.4201 [ntp=0.234 backchain=1.186 bc_g=0.000 bc_m=0.736 bc_a=1.637] path_acc 0.223 decision_acc 0.223 erank 1.3 (151.3k tok/s)
step  21600 loss 1.4298 [ntp=0.229 backchain=1.201 bc_g=0.000 bc_m=0.731 bc_a=1.671] path_acc 0.168 decision_acc 0.168 erank 1.3 (151.7k tok/s)
step  22000 loss 1.4352 [ntp=0.231 backchain=1.205 bc_g=0.000 bc_m=0.735 bc_a=1.674] path_acc 0.227 decision_acc 0.227 erank 1.3 (151.5k tok/s)
step  22400 loss 1.4539 [ntp=0.230 backchain=1.224 bc_g=0.000 bc_m=0.738 bc_a=1.709] path_acc 0.145 decision_acc 0.145 erank 1.3 (151.3k tok/s)
step  22800 loss 1.4518 [ntp=0.231 backchain=1.221 bc_g=0.000 bc_m=0.726 bc_a=1.715] path_acc 0.215 decision_acc 0.215 erank 1.3 (151.2k tok/s)
step  23200 loss 1.4687 [ntp=0.233 backchain=1.236 bc_g=0.000 bc_m=0.737 bc_a=1.735] path_acc 0.180 decision_acc 0.180 erank 1.3 (151.0k tok/s)
step  23600 loss 1.4655 [ntp=0.229 backchain=1.237 bc_g=0.000 bc_m=0.729 bc_a=1.744] path_acc 0.184 decision_acc 0.184 erank 1.3 (150.9k tok/s)
step  24000 loss 1.4736 [ntp=0.230 backchain=1.244 bc_g=0.000 bc_m=0.723 bc_a=1.764] path_acc 0.215 decision_acc 0.215 erank 1.3 (150.8k tok/s)
SUMMARY {"run": "hp_bc_24k_seed1", "config": "configs/ablation/hp_bc_24k.yaml", "device": "cuda", "params": 5099008, "steps": 24000, "final": {"path_acc": 0.21484375, "decision_acc": 0.21484375}, "best": {"path_acc": 0.26953125, "decision_acc": 0.26953125}, "eranks": {"erank_0": 37.84, "erank_1": 1.2, "erank_2": 1.02, "erank_3": 1.04, "erank_4": 1.04, "erank_5": 1.14, "erank_6": 1.31}, "wall_s": 1772.3}
[hp_bc_24k_seed2] device=cuda params=5.10M vocab=56 seq_len=87
step    400 loss 6.1036 [ntp=2.066 backchain=4.037 bc_g=2.387 bc_m=3.216 bc_a=2.473] path_acc 0.000 decision_acc 0.055 erank 46.5 (143.0k tok/s)
step    800 loss 2.4829 [ntp=0.428 backchain=2.054 bc_g=0.028 bc_m=2.978 bc_a=1.103] path_acc 0.191 decision_acc 0.195 erank 20.0 (139.0k tok/s)
step   1200 loss 2.1747 [ntp=0.360 backchain=1.814 bc_g=0.010 bc_m=2.778 bc_a=0.840] path_acc 0.207 decision_acc 0.207 erank 3.8 (137.5k tok/s)
step   1600 loss 1.7311 [ntp=0.314 backchain=1.417 bc_g=0.002 bc_m=2.143 bc_a=0.690] path_acc 0.223 decision_acc 0.223 erank 2.0 (137.1k tok/s)
step   2000 loss 1.5830 [ntp=0.285 backchain=1.298 bc_g=0.002 bc_m=2.020 bc_a=0.573] path_acc 0.250 decision_acc 0.250 erank 1.6 (144.1k tok/s)
step   2400 loss 1.4683 [ntp=0.257 backchain=1.211 bc_g=0.002 bc_m=1.829 bc_a=0.591] path_acc 0.215 decision_acc 0.215 erank 1.4 (146.2k tok/s)
step   2800 loss 1.4112 [ntp=0.264 backchain=1.147 bc_g=0.011 bc_m=1.678 bc_a=0.605] path_acc 0.227 decision_acc 0.227 erank 1.3 (144.9k tok/s)
step   3200 loss 1.3948 [ntp=0.256 backchain=1.139 bc_g=0.001 bc_m=1.633 bc_a=0.645] path_acc 0.238 decision_acc 0.238 erank 1.2 (143.6k tok/s)
step   3600 loss 1.4160 [ntp=0.252 backchain=1.164 bc_g=0.001 bc_m=1.594 bc_a=0.733] path_acc 0.227 decision_acc 0.227 erank 1.2 (142.5k tok/s)
step   4000 loss 1.4505 [ntp=0.259 backchain=1.191 bc_g=0.001 bc_m=1.576 bc_a=0.805] path_acc 0.180 decision_acc 0.180 erank 1.1 (141.7k tok/s)
step   4400 loss 1.3735 [ntp=0.253 backchain=1.121 bc_g=0.000 bc_m=1.328 bc_a=0.914] path_acc 0.164 decision_acc 0.164 erank 1.1 (141.1k tok/s)
step   4800 loss 1.3288 [ntp=0.201 backchain=1.128 bc_g=0.002 bc_m=1.234 bc_a=1.019] path_acc 0.363 decision_acc 0.363 erank 1.1 (140.3k tok/s)
step   5200 loss 1.3661 [ntp=0.186 backchain=1.180 bc_g=0.000 bc_m=1.195 bc_a=1.165] path_acc 0.391 decision_acc 0.391 erank 1.1 (139.8k tok/s)
step   5600 loss 1.4149 [ntp=0.193 backchain=1.222 bc_g=0.001 bc_m=1.159 bc_a=1.285] path_acc 0.414 decision_acc 0.414 erank 1.1 (139.4k tok/s)
step   6000 loss 1.4082 [ntp=0.178 backchain=1.231 bc_g=0.000 bc_m=1.098 bc_a=1.363] path_acc 0.430 decision_acc 0.430 erank 1.0 (139.0k tok/s)
step   6400 loss 1.4642 [ntp=0.193 backchain=1.271 bc_g=0.000 bc_m=1.111 bc_a=1.431] path_acc 0.398 decision_acc 0.398 erank 1.0 (138.6k tok/s)
step   6800 loss 1.4370 [ntp=0.169 backchain=1.268 bc_g=0.001 bc_m=1.022 bc_a=1.514] path_acc 0.406 decision_acc 0.406 erank 1.0 (138.4k tok/s)
step   7200 loss 1.5281 [ntp=0.201 backchain=1.327 bc_g=0.001 bc_m=1.058 bc_a=1.596] path_acc 0.402 decision_acc 0.402 erank 1.0 (139.5k tok/s)
step   7600 loss 1.5083 [ntp=0.168 backchain=1.340 bc_g=0.000 bc_m=1.008 bc_a=1.672] path_acc 0.406 decision_acc 0.406 erank 1.0 (139.9k tok/s)
step   8000 loss 1.5819 [ntp=0.199 backchain=1.383 bc_g=0.000 bc_m=1.026 bc_a=1.739] path_acc 0.438 decision_acc 0.438 erank 1.0 (140.1k tok/s)
step   8400 loss 1.5253 [ntp=0.164 backchain=1.362 bc_g=0.000 bc_m=0.961 bc_a=1.762] path_acc 0.406 decision_acc 0.406 erank 1.0 (140.7k tok/s)
step   8800 loss 1.5876 [ntp=0.162 backchain=1.426 bc_g=0.000 bc_m=0.987 bc_a=1.864] path_acc 0.371 decision_acc 0.371 erank 1.0 (141.1k tok/s)
step   9200 loss 1.6378 [ntp=0.182 backchain=1.456 bc_g=0.000 bc_m=0.938 bc_a=1.974] path_acc 0.434 decision_acc 0.434 erank 1.0 (141.2k tok/s)
step   9600 loss 1.6386 [ntp=0.164 backchain=1.474 bc_g=0.001 bc_m=0.895 bc_a=2.053] path_acc 0.480 decision_acc 0.480 erank 1.0 (141.2k tok/s)
step  10000 loss 1.7087 [ntp=0.165 backchain=1.544 bc_g=0.000 bc_m=0.923 bc_a=2.165] path_acc 0.457 decision_acc 0.457 erank 1.0 (141.4k tok/s)
step  10400 loss 1.7160 [ntp=0.174 backchain=1.542 bc_g=0.000 bc_m=0.865 bc_a=2.219] path_acc 0.445 decision_acc 0.445 erank 1.0 (141.3k tok/s)
step  10800 loss 1.6342 [ntp=0.066 backchain=1.568 bc_g=0.000 bc_m=0.867 bc_a=2.269] path_acc 0.750 decision_acc 0.750 erank 1.0 (141.0k tok/s)
step  11200 loss 1.6640 [ntp=0.073 backchain=1.591 bc_g=0.000 bc_m=0.879 bc_a=2.304] path_acc 0.824 decision_acc 0.824 erank 1.0 (140.8k tok/s)
step  11600 loss 1.6358 [ntp=0.045 backchain=1.591 bc_g=0.000 bc_m=0.848 bc_a=2.334] path_acc 0.898 decision_acc 0.898 erank 1.0 (140.9k tok/s)
step  12000 loss 1.6327 [ntp=0.038 backchain=1.595 bc_g=0.000 bc_m=0.837 bc_a=2.352] path_acc 0.875 decision_acc 0.875 erank 1.0 (140.9k tok/s)
step  12400 loss 1.5783 [ntp=0.010 backchain=1.569 bc_g=0.000 bc_m=0.821 bc_a=2.316] path_acc 0.965 decision_acc 0.965 erank 1.0 (141.3k tok/s)
step  12800 loss 1.5163 [ntp=0.001 backchain=1.515 bc_g=0.000 bc_m=0.781 bc_a=2.249] path_acc 0.992 decision_acc 0.992 erank 1.0 (141.3k tok/s)
step  13200 loss 1.4846 [ntp=0.009 backchain=1.476 bc_g=0.000 bc_m=0.775 bc_a=2.177] path_acc 0.992 decision_acc 0.992 erank 1.0 (141.4k tok/s)
step  13600 loss 1.4560 [ntp=0.004 backchain=1.452 bc_g=0.000 bc_m=0.773 bc_a=2.130] path_acc 1.000 decision_acc 1.000 erank 1.0 (141.4k tok/s)
step  14000 loss 1.4282 [ntp=0.001 backchain=1.427 bc_g=0.000 bc_m=0.768 bc_a=2.086] path_acc 1.000 decision_acc 1.000 erank 1.0 (142.1k tok/s)
step  14400 loss 1.4087 [ntp=0.000 backchain=1.409 bc_g=0.000 bc_m=0.753 bc_a=2.063] path_acc 1.000 decision_acc 1.000 erank 1.0 (142.3k tok/s)
step  14800 loss 1.3877 [ntp=0.000 backchain=1.388 bc_g=0.000 bc_m=0.751 bc_a=2.024] path_acc 0.996 decision_acc 0.996 erank 1.0 (142.3k tok/s)
step  15200 loss 1.3673 [ntp=0.000 backchain=1.367 bc_g=0.000 bc_m=0.753 bc_a=1.982] path_acc 1.000 decision_acc 1.000 erank 1.0 (142.1k tok/s)
step  15600 loss 1.3456 [ntp=0.001 backchain=1.345 bc_g=0.000 bc_m=0.735 bc_a=1.954] path_acc 0.996 decision_acc 0.996 erank 1.0 (142.7k tok/s)
step  16000 loss 1.3340 [ntp=0.000 backchain=1.334 bc_g=0.000 bc_m=0.734 bc_a=1.934] path_acc 1.000 decision_acc 1.000 erank 1.0 (142.7k tok/s)
step  16400 loss 1.3126 [ntp=0.000 backchain=1.312 bc_g=0.000 bc_m=0.730 bc_a=1.894] path_acc 1.000 decision_acc 1.000 erank 1.0 (142.6k tok/s)
step  16800 loss 1.2856 [ntp=0.000 backchain=1.285 bc_g=0.000 bc_m=0.705 bc_a=1.866] path_acc 1.000 decision_acc 1.000 erank 1.0 (142.8k tok/s)
step  17200 loss 1.2785 [ntp=0.000 backchain=1.278 bc_g=0.000 bc_m=0.710 bc_a=1.847] path_acc 1.000 decision_acc 1.000 erank 1.0 (142.6k tok/s)
step  17600 loss 1.2682 [ntp=0.000 backchain=1.268 bc_g=0.000 bc_m=0.703 bc_a=1.833] path_acc 1.000 decision_acc 1.000 erank 1.0 (142.4k tok/s)
step  18000 loss 1.2640 [ntp=0.003 backchain=1.261 bc_g=0.000 bc_m=0.701 bc_a=1.821] path_acc 1.000 decision_acc 1.000 erank 1.0 (142.3k tok/s)
step  18400 loss 1.2556 [ntp=0.000 backchain=1.255 bc_g=0.000 bc_m=0.714 bc_a=1.797] path_acc 1.000 decision_acc 1.000 erank 1.0 (142.2k tok/s)
step  18800 loss 1.2328 [ntp=0.000 backchain=1.233 bc_g=0.000 bc_m=0.699 bc_a=1.767] path_acc 1.000 decision_acc 1.000 erank 1.0 (142.0k tok/s)
step  19200 loss 1.2193 [ntp=0.000 backchain=1.219 bc_g=0.000 bc_m=0.695 bc_a=1.743] path_acc 1.000 decision_acc 1.000 erank 1.0 (142.7k tok/s)
step  19600 loss 1.2087 [ntp=0.000 backchain=1.209 bc_g=0.000 bc_m=0.695 bc_a=1.722] path_acc 1.000 decision_acc 1.000 erank 1.0 (143.5k tok/s)
step  20000 loss 1.1981 [ntp=0.000 backchain=1.198 bc_g=0.000 bc_m=0.682 bc_a=1.713] path_acc 1.000 decision_acc 1.000 erank 1.0 (143.3k tok/s)
step  20400 loss 1.1791 [ntp=0.000 backchain=1.179 bc_g=0.000 bc_m=0.674 bc_a=1.684] path_acc 1.000 decision_acc 1.000 erank 1.0 (143.2k tok/s)
step  20800 loss 1.1725 [ntp=0.000 backchain=1.173 bc_g=0.000 bc_m=0.675 bc_a=1.670] path_acc 1.000 decision_acc 1.000 erank 1.0 (143.0k tok/s)
step  21200 loss 1.1629 [ntp=0.000 backchain=1.163 bc_g=0.000 bc_m=0.678 bc_a=1.647] path_acc 1.000 decision_acc 1.000 erank 1.0 (143.7k tok/s)
step  21600 loss 1.1623 [ntp=0.000 backchain=1.162 bc_g=0.000 bc_m=0.679 bc_a=1.645] path_acc 1.000 decision_acc 1.000 erank 1.0 (144.6k tok/s)
step  22000 loss 1.1428 [ntp=0.000 backchain=1.143 bc_g=0.000 bc_m=0.677 bc_a=1.608] path_acc 1.000 decision_acc 1.000 erank 1.0 (145.3k tok/s)
step  22400 loss 1.1350 [ntp=0.000 backchain=1.135 bc_g=0.000 bc_m=0.664 bc_a=1.606] path_acc 1.000 decision_acc 1.000 erank 1.0 (145.2k tok/s)
step  22800 loss 1.1327 [ntp=0.000 backchain=1.133 bc_g=0.000 bc_m=0.669 bc_a=1.596] path_acc 1.000 decision_acc 1.000 erank 1.0 (145.0k tok/s)
step  23200 loss 1.1173 [ntp=0.000 backchain=1.117 bc_g=0.000 bc_m=0.665 bc_a=1.569] path_acc 1.000 decision_acc 1.000 erank 1.0 (144.8k tok/s)
step  23600 loss 1.1193 [ntp=0.000 backchain=1.119 bc_g=0.000 bc_m=0.667 bc_a=1.572] path_acc 1.000 decision_acc 1.000 erank 1.0 (144.6k tok/s)
step  24000 loss 1.1133 [ntp=0.000 backchain=1.113 bc_g=0.000 bc_m=0.666 bc_a=1.560] path_acc 1.000 decision_acc 1.000 erank 1.0 (144.6k tok/s)
SUMMARY {"run": "hp_bc_24k_seed2", "config": "configs/ablation/hp_bc_24k.yaml", "device": "cuda", "params": 5099008, "steps": 24000, "final": {"path_acc": 1.0, "decision_acc": 1.0}, "best": {"path_acc": 1.0, "decision_acc": 1.0}, "eranks": {"erank_0": 36.74, "erank_1": 3.48, "erank_2": 1.01, "erank_3": 1.01, "erank_4": 1.01, "erank_5": 1.02, "erank_6": 1.03}, "wall_s": 1848.7}
[hp_bc_24k_const_seed0] device=cuda params=5.10M vocab=56 seq_len=87
step    400 loss 5.9240 [ntp=2.055 backchain=3.869 bc_g=2.389 bc_m=3.220 bc_a=2.130] path_acc 0.000 decision_acc 0.059 erank 25.9 (130.6k tok/s)
step    800 loss 5.2100 [ntp=1.970 backchain=3.240 bc_g=2.293 bc_m=2.928 bc_a=1.259] path_acc 0.000 decision_acc 0.031 erank 14.1 (132.6k tok/s)
step   1200 loss 2.2059 [ntp=0.356 backchain=1.850 bc_g=0.009 bc_m=2.903 bc_a=0.787] path_acc 0.227 decision_acc 0.227 erank 7.3 (133.4k tok/s)
step   1600 loss 1.8453 [ntp=0.338 backchain=1.507 bc_g=0.003 bc_m=2.252 bc_a=0.759] path_acc 0.223 decision_acc 0.223 erank 2.6 (133.9k tok/s)
step   2000 loss 1.7274 [ntp=0.297 backchain=1.430 bc_g=0.002 bc_m=2.068 bc_a=0.791] path_acc 0.234 decision_acc 0.234 erank 1.9 (134.0k tok/s)
step   2400 loss 1.6729 [ntp=0.288 backchain=1.384 bc_g=0.002 bc_m=1.876 bc_a=0.891] path_acc 0.180 decision_acc 0.180 erank 1.8 (134.3k tok/s)
step   2800 loss 1.6628 [ntp=0.266 backchain=1.397 bc_g=0.001 bc_m=1.735 bc_a=1.058] path_acc 0.184 decision_acc 0.184 erank 1.6 (134.3k tok/s)
step   3200 loss 1.7232 [ntp=0.262 backchain=1.461 bc_g=0.001 bc_m=1.668 bc_a=1.254] path_acc 0.219 decision_acc 0.219 erank 1.5 (134.4k tok/s)
step   3600 loss 1.7587 [ntp=0.253 backchain=1.506 bc_g=0.001 bc_m=1.634 bc_a=1.377] path_acc 0.230 decision_acc 0.230 erank 1.4 (134.3k tok/s)
step   4000 loss 1.7496 [ntp=0.255 backchain=1.495 bc_g=0.000 bc_m=1.572 bc_a=1.417] path_acc 0.238 decision_acc 0.238 erank 1.4 (134.9k tok/s)
step   4400 loss 1.6587 [ntp=0.244 backchain=1.415 bc_g=0.001 bc_m=1.413 bc_a=1.415] path_acc 0.219 decision_acc 0.219 erank 1.3 (135.0k tok/s)
step   4800 loss 1.6116 [ntp=0.249 backchain=1.363 bc_g=0.001 bc_m=1.333 bc_a=1.392] path_acc 0.199 decision_acc 0.199 erank 1.3 (135.3k tok/s)
step   5200 loss 1.5748 [ntp=0.241 backchain=1.334 bc_g=0.001 bc_m=1.223 bc_a=1.445] path_acc 0.199 decision_acc 0.199 erank 1.3 (135.1k tok/s)
step   5600 loss 1.6268 [ntp=0.247 backchain=1.380 bc_g=0.000 bc_m=1.228 bc_a=1.532] path_acc 0.215 decision_acc 0.215 erank 1.2 (135.3k tok/s)
step   6000 loss 1.6509 [ntp=0.242 backchain=1.409 bc_g=0.000 bc_m=1.164 bc_a=1.654] path_acc 0.238 decision_acc 0.238 erank 1.2 (135.5k tok/s)
step   6400 loss 1.7160 [ntp=0.242 backchain=1.474 bc_g=0.000 bc_m=1.138 bc_a=1.809] path_acc 0.223 decision_acc 0.223 erank 1.1 (138.5k tok/s)
step   6800 loss 1.7930 [ntp=0.249 backchain=1.544 bc_g=0.001 bc_m=1.121 bc_a=1.966] path_acc 0.191 decision_acc 0.191 erank 1.1 (139.1k tok/s)
step   7200 loss 1.7783 [ntp=0.158 backchain=1.621 bc_g=0.001 bc_m=1.099 bc_a=2.141] path_acc 0.527 decision_acc 0.527 erank 1.2 (138.8k tok/s)
step   7600 loss 1.8913 [ntp=0.157 backchain=1.734 bc_g=0.000 bc_m=1.134 bc_a=2.334] path_acc 0.531 decision_acc 0.531 erank 1.1 (140.6k tok/s)
step   8000 loss 1.9433 [ntp=0.152 backchain=1.791 bc_g=0.000 bc_m=1.085 bc_a=2.496] path_acc 0.578 decision_acc 0.578 erank 1.1 (142.0k tok/s)
step   8400 loss 1.9926 [ntp=0.131 backchain=1.862 bc_g=0.000 bc_m=1.071 bc_a=2.652] path_acc 0.570 decision_acc 0.570 erank 1.1 (141.6k tok/s)
step   8800 loss 2.0640 [ntp=0.137 backchain=1.927 bc_g=0.000 bc_m=1.064 bc_a=2.788] path_acc 0.523 decision_acc 0.523 erank 1.1 (142.1k tok/s)
step   9200 loss 2.0963 [ntp=0.140 backchain=1.956 bc_g=0.000 bc_m=1.034 bc_a=2.879] path_acc 0.578 decision_acc 0.578 erank 1.1 (141.8k tok/s)
step   9600 loss 2.1784 [ntp=0.169 backchain=2.009 bc_g=0.000 bc_m=1.078 bc_a=2.941] path_acc 0.523 decision_acc 0.523 erank 1.1 (141.5k tok/s)
step  10000 loss 2.1496 [ntp=0.152 backchain=1.998 bc_g=0.000 bc_m=0.999 bc_a=2.996] path_acc 0.555 decision_acc 0.555 erank 1.2 (141.2k tok/s)
step  10400 loss 2.1355 [ntp=0.142 backchain=1.994 bc_g=0.000 bc_m=0.961 bc_a=3.027] path_acc 0.555 decision_acc 0.555 erank 1.2 (141.1k tok/s)
step  10800 loss 2.1035 [ntp=0.084 backchain=2.020 bc_g=0.000 bc_m=0.976 bc_a=3.063] path_acc 0.773 decision_acc 0.773 erank 1.2 (140.8k tok/s)
step  11200 loss 2.0838 [ntp=0.067 backchain=2.017 bc_g=0.000 bc_m=0.887 bc_a=3.146] path_acc 0.781 decision_acc 0.781 erank 1.2 (140.6k tok/s)
step  11600 loss 2.0988 [ntp=0.061 backchain=2.038 bc_g=0.000 bc_m=0.892 bc_a=3.184] path_acc 0.793 decision_acc 0.793 erank 1.2 (140.4k tok/s)
step  12000 loss 2.1173 [ntp=0.076 backchain=2.042 bc_g=0.000 bc_m=0.876 bc_a=3.207] path_acc 0.816 decision_acc 0.816 erank 1.2 (141.2k tok/s)
step  12400 loss 2.1010 [ntp=0.081 backchain=2.020 bc_g=0.000 bc_m=0.875 bc_a=3.164] path_acc 0.828 decision_acc 0.828 erank 1.2 (141.6k tok/s)
step  12800 loss 2.0565 [ntp=0.070 backchain=1.986 bc_g=0.000 bc_m=0.862 bc_a=3.111] path_acc 0.781 decision_acc 0.781 erank 1.2 (141.4k tok/s)
step  13200 loss 2.0254 [ntp=0.062 backchain=1.964 bc_g=0.000 bc_m=0.860 bc_a=3.067] path_acc 0.809 decision_acc 0.809 erank 1.1 (141.2k tok/s)
step  13600 loss 1.9872 [ntp=0.058 backchain=1.929 bc_g=0.000 bc_m=0.807 bc_a=3.052] path_acc 0.816 decision_acc 0.816 erank 1.1 (141.1k tok/s)
step  14000 loss 1.9974 [ntp=0.072 backchain=1.926 bc_g=0.000 bc_m=0.818 bc_a=3.034] path_acc 0.828 decision_acc 0.828 erank 1.2 (140.8k tok/s)
step  14400 loss 1.9699 [ntp=0.053 backchain=1.917 bc_g=0.000 bc_m=0.777 bc_a=3.056] path_acc 0.852 decision_acc 0.852 erank 1.2 (140.8k tok/s)
step  14800 loss 1.9392 [ntp=0.034 backchain=1.905 bc_g=0.000 bc_m=0.771 bc_a=3.039] path_acc 0.879 decision_acc 0.879 erank 1.1 (140.9k tok/s)
step  15200 loss 1.9378 [ntp=0.036 backchain=1.901 bc_g=0.000 bc_m=0.777 bc_a=3.026] path_acc 0.887 decision_acc 0.887 erank 1.1 (141.2k tok/s)
step  15600 loss 1.9377 [ntp=0.039 backchain=1.899 bc_g=0.000 bc_m=0.743 bc_a=3.055] path_acc 0.895 decision_acc 0.895 erank 1.1 (141.2k tok/s)
step  16000 loss 1.9565 [ntp=0.029 backchain=1.927 bc_g=0.000 bc_m=0.744 bc_a=3.110] path_acc 0.895 decision_acc 0.895 erank 1.2 (141.3k tok/s)
step  16400 loss 1.9766 [ntp=0.039 backchain=1.938 bc_g=0.000 bc_m=0.735 bc_a=3.140] path_acc 0.926 decision_acc 0.926 erank 1.1 (141.7k tok/s)
step  16800 loss 1.9900 [ntp=0.033 backchain=1.957 bc_g=0.000 bc_m=0.739 bc_a=3.175] path_acc 0.906 decision_acc 0.906 erank 1.1 (141.9k tok/s)
step  17200 loss 1.9894 [ntp=0.020 backchain=1.969 bc_g=0.000 bc_m=0.733 bc_a=3.205] path_acc 0.926 decision_acc 0.926 erank 1.1 (141.8k tok/s)
step  17600 loss 2.0018 [ntp=0.036 backchain=1.966 bc_g=0.000 bc_m=0.737 bc_a=3.194] path_acc 0.945 decision_acc 0.945 erank 1.1 (142.6k tok/s)
step  18000 loss 1.9890 [ntp=0.030 backchain=1.959 bc_g=0.000 bc_m=0.734 bc_a=3.184] path_acc 0.930 decision_acc 0.930 erank 1.1 (142.7k tok/s)
step  18400 loss 1.9851 [ntp=0.028 backchain=1.957 bc_g=0.000 bc_m=0.705 bc_a=3.209] path_acc 0.906 decision_acc 0.906 erank 1.1 (142.9k tok/s)
step  18800 loss 2.0051 [ntp=0.020 backchain=1.985 bc_g=0.000 bc_m=0.725 bc_a=3.244] path_acc 0.922 decision_acc 0.922 erank 1.1 (142.9k tok/s)
step  19200 loss 2.0038 [ntp=0.015 backchain=1.989 bc_g=0.000 bc_m=0.717 bc_a=3.262] path_acc 0.930 decision_acc 0.930 erank 1.1 (142.9k tok/s)
step  19600 loss 2.0194 [ntp=0.023 backchain=1.996 bc_g=0.000 bc_m=0.706 bc_a=3.286] path_acc 0.914 decision_acc 0.914 erank 1.1 (143.0k tok/s)
step  20000 loss 2.0454 [ntp=0.035 backchain=2.010 bc_g=0.000 bc_m=0.724 bc_a=3.296] path_acc 0.918 decision_acc 0.918 erank 1.1 (143.1k tok/s)
step  20400 loss 2.0190 [ntp=0.015 backchain=2.004 bc_g=0.001 bc_m=0.715 bc_a=3.292] path_acc 0.910 decision_acc 0.910 erank 1.1 (143.2k tok/s)
step  20800 loss 2.0265 [ntp=0.026 backchain=2.000 bc_g=0.000 bc_m=0.698 bc_a=3.302] path_acc 0.902 decision_acc 0.902 erank 1.1 (143.4k tok/s)
step  21200 loss 2.0313 [ntp=0.026 backchain=2.005 bc_g=0.000 bc_m=0.704 bc_a=3.306] path_acc 0.941 decision_acc 0.941 erank 1.1 (143.8k tok/s)
step  21600 loss 2.0336 [ntp=0.030 backchain=2.004 bc_g=0.000 bc_m=0.698 bc_a=3.309] path_acc 0.934 decision_acc 0.934 erank 1.1 (144.6k tok/s)
step  22000 loss 2.0243 [ntp=0.022 backchain=2.002 bc_g=0.000 bc_m=0.689 bc_a=3.316] path_acc 0.949 decision_acc 0.949 erank 1.1 (145.4k tok/s)
step  22400 loss 2.0258 [ntp=0.024 backchain=2.001 bc_g=0.000 bc_m=0.682 bc_a=3.320] path_acc 0.941 decision_acc 0.941 erank 1.1 (145.2k tok/s)
step  22800 loss 2.0228 [ntp=0.027 backchain=1.996 bc_g=0.000 bc_m=0.681 bc_a=3.312] path_acc 0.922 decision_acc 0.922 erank 1.1 (145.0k tok/s)
step  23200 loss 2.0187 [ntp=0.021 backchain=1.997 bc_g=0.000 bc_m=0.685 bc_a=3.309] path_acc 0.945 decision_acc 0.945 erank 1.1 (144.7k tok/s)
step  23600 loss 2.0159 [ntp=0.016 backchain=2.000 bc_g=0.001 bc_m=0.689 bc_a=3.309] path_acc 0.926 decision_acc 0.926 erank 1.1 (144.5k tok/s)
step  24000 loss 2.0424 [ntp=0.039 backchain=2.004 bc_g=0.000 bc_m=0.687 bc_a=3.320] path_acc 0.949 decision_acc 0.949 erank 1.1 (144.4k tok/s)
SUMMARY {"run": "hp_bc_24k_const_seed0", "config": "configs/ablation/hp_bc_24k_const.yaml", "device": "cuda", "params": 5099008, "steps": 24000, "final": {"path_acc": 0.94921875, "decision_acc": 0.94921875}, "best": {"path_acc": 0.94921875, "decision_acc": 0.94921875}, "eranks": {"erank_0": 35.55, "erank_1": 1.21, "erank_2": 1.01, "erank_3": 1.03, "erank_4": 1.05, "erank_5": 1.07, "erank_6": 1.1}, "wall_s": 1850.9}
[hp_bc_24k_const_seed1] device=cuda params=5.10M vocab=56 seq_len=87
step    400 loss 6.0137 [ntp=2.063 backchain=3.951 bc_g=2.413 bc_m=3.205 bc_a=2.283] path_acc 0.000 decision_acc 0.039 erank 7.6 (142.4k tok/s)
step    800 loss 2.6826 [ntp=0.436 backchain=2.247 bc_g=0.095 bc_m=3.016 bc_a=1.383] path_acc 0.164 decision_acc 0.164 erank 16.4 (165.5k tok/s)
step   1200 loss 2.1697 [ntp=0.344 backchain=1.826 bc_g=0.009 bc_m=2.763 bc_a=0.879] path_acc 0.168 decision_acc 0.168 erank 3.9 (172.3k tok/s)
step   1600 loss 1.8625 [ntp=0.307 backchain=1.556 bc_g=0.004 bc_m=2.188 bc_a=0.921] path_acc 0.195 decision_acc 0.195 erank 2.4 (161.7k tok/s)
step   2000 loss 1.7118 [ntp=0.303 backchain=1.408 bc_g=0.016 bc_m=1.926 bc_a=0.876] path_acc 0.168 decision_acc 0.168 erank 1.8 (155.5k tok/s)
step   2400 loss 1.6365 [ntp=0.275 backchain=1.361 bc_g=0.006 bc_m=1.757 bc_a=0.959] path_acc 0.180 decision_acc 0.180 erank 1.5 (154.4k tok/s)
step   2800 loss 1.7249 [ntp=0.258 backchain=1.467 bc_g=0.001 bc_m=1.698 bc_a=1.234] path_acc 0.215 decision_acc 0.215 erank 1.4 (151.9k tok/s)
step   3200 loss 1.8526 [ntp=0.268 backchain=1.584 bc_g=0.001 bc_m=1.662 bc_a=1.505] path_acc 0.184 decision_acc 0.184 erank 1.4 (149.4k tok/s)
step   3600 loss 1.9225 [ntp=0.251 backchain=1.671 bc_g=0.000 bc_m=1.548 bc_a=1.794] path_acc 0.215 decision_acc 0.215 erank 1.2 (148.1k tok/s)
step   4000 loss 2.0435 [ntp=0.258 backchain=1.785 bc_g=0.000 bc_m=1.492 bc_a=2.078] path_acc 0.227 decision_acc 0.227 erank 1.2 (146.4k tok/s)
step   4400 loss 2.1145 [ntp=0.254 backchain=1.861 bc_g=0.000 bc_m=1.442 bc_a=2.278] path_acc 0.191 decision_acc 0.191 erank 1.2 (145.1k tok/s)
step   4800 loss 2.1526 [ntp=0.240 backchain=1.913 bc_g=0.000 bc_m=1.398 bc_a=2.428] path_acc 0.203 decision_acc 0.203 erank 1.2 (146.0k tok/s)
step   5200 loss 2.2236 [ntp=0.249 backchain=1.975 bc_g=0.001 bc_m=1.409 bc_a=2.540] path_acc 0.211 decision_acc 0.211 erank 1.1 (149.2k tok/s)
step   5600 loss 2.2476 [ntp=0.242 backchain=2.006 bc_g=0.000 bc_m=1.368 bc_a=2.643] path_acc 0.176 decision_acc 0.176 erank 1.1 (152.1k tok/s)
step   6000 loss 2.2936 [ntp=0.237 backchain=2.057 bc_g=0.000 bc_m=1.388 bc_a=2.726] path_acc 0.195 decision_acc 0.195 erank 1.1 (153.2k tok/s)
step   6400 loss 2.3325 [ntp=0.246 backchain=2.086 bc_g=0.000 bc_m=1.367 bc_a=2.806] path_acc 0.160 decision_acc 0.160 erank 1.1 (152.2k tok/s)
step   6800 loss 2.3724 [ntp=0.243 backchain=2.130 bc_g=0.000 bc_m=1.362 bc_a=2.896] path_acc 0.215 decision_acc 0.215 erank 1.1 (152.2k tok/s)
step   7200 loss 2.3850 [ntp=0.239 backchain=2.146 bc_g=0.000 bc_m=1.316 bc_a=2.975] path_acc 0.191 decision_acc 0.191 erank 1.1 (151.3k tok/s)
step   7600 loss 2.4294 [ntp=0.236 backchain=2.194 bc_g=0.001 bc_m=1.301 bc_a=3.085] path_acc 0.180 decision_acc 0.180 erank 1.1 (151.3k tok/s)
step   8000 loss 2.4958 [ntp=0.239 backchain=2.256 bc_g=0.000 bc_m=1.294 bc_a=3.218] path_acc 0.195 decision_acc 0.195 erank 1.1 (151.7k tok/s)
step   8400 loss 2.5225 [ntp=0.239 backchain=2.283 bc_g=0.000 bc_m=1.260 bc_a=3.306] path_acc 0.168 decision_acc 0.168 erank 1.1 (151.6k tok/s)
step   8800 loss 2.5732 [ntp=0.246 backchain=2.327 bc_g=0.000 bc_m=1.281 bc_a=3.373] path_acc 0.195 decision_acc 0.195 erank 1.1 (152.2k tok/s)
step   9200 loss 2.5843 [ntp=0.243 backchain=2.341 bc_g=0.000 bc_m=1.223 bc_a=3.459] path_acc 0.191 decision_acc 0.191 erank 1.1 (151.8k tok/s)
step   9600 loss 2.6388 [ntp=0.242 backchain=2.397 bc_g=0.000 bc_m=1.241 bc_a=3.553] path_acc 0.227 decision_acc 0.227 erank 1.1 (153.2k tok/s)
step  10000 loss 2.6656 [ntp=0.236 backchain=2.430 bc_g=0.000 bc_m=1.232 bc_a=3.628] path_acc 0.211 decision_acc 0.211 erank 1.1 (154.8k tok/s)
step  10400 loss 2.7096 [ntp=0.249 backchain=2.460 bc_g=0.000 bc_m=1.226 bc_a=3.694] path_acc 0.188 decision_acc 0.188 erank 1.1 (155.9k tok/s)
step  10800 loss 2.7087 [ntp=0.239 backchain=2.470 bc_g=0.000 bc_m=1.185 bc_a=3.754] path_acc 0.203 decision_acc 0.203 erank 1.1 (155.6k tok/s)
step  11200 loss 2.7253 [ntp=0.235 backchain=2.490 bc_g=0.000 bc_m=1.171 bc_a=3.809] path_acc 0.234 decision_acc 0.234 erank 1.1 (157.0k tok/s)
step  11600 loss 2.7547 [ntp=0.231 backchain=2.524 bc_g=0.000 bc_m=1.176 bc_a=3.871] path_acc 0.219 decision_acc 0.219 erank 1.1 (158.0k tok/s)
step  12000 loss 2.7973 [ntp=0.235 backchain=2.562 bc_g=0.000 bc_m=1.187 bc_a=3.936] path_acc 0.219 decision_acc 0.219 erank 1.1 (-235.6k tok/s)
step  12400 loss 2.8201 [ntp=0.245 backchain=2.575 bc_g=0.000 bc_m=1.173 bc_a=3.978] path_acc 0.250 decision_acc 0.250 erank 1.1 (-254.4k tok/s)
step  12800 loss 2.8372 [ntp=0.245 backchain=2.592 bc_g=0.000 bc_m=1.152 bc_a=4.032] path_acc 0.168 decision_acc 0.168 erank 1.1 (-273.5k tok/s)
step  13200 loss 2.8233 [ntp=0.242 backchain=2.581 bc_g=0.000 bc_m=1.124 bc_a=4.038] path_acc 0.199 decision_acc 0.199 erank 1.1 (-299.9k tok/s)
step  13600 loss 2.8629 [ntp=0.241 backchain=2.622 bc_g=0.000 bc_m=1.178 bc_a=4.066] path_acc 0.191 decision_acc 0.191 erank 1.1 (-331.5k tok/s)
step  14000 loss 2.8318 [ntp=0.241 backchain=2.590 bc_g=0.000 bc_m=1.142 bc_a=4.038] path_acc 0.242 decision_acc 0.242 erank 1.1 (-368.1k tok/s)
step  14400 loss 2.8070 [ntp=0.242 backchain=2.565 bc_g=0.000 bc_m=1.122 bc_a=4.008] path_acc 0.230 decision_acc 0.230 erank 1.1 (-411.4k tok/s)
step  14800 loss 2.7691 [ntp=0.244 backchain=2.525 bc_g=0.000 bc_m=1.123 bc_a=3.928] path_acc 0.230 decision_acc 0.230 erank 1.1 (-462.5k tok/s)
step  15200 loss 2.6798 [ntp=0.238 backchain=2.442 bc_g=0.000 bc_m=1.082 bc_a=3.802] path_acc 0.203 decision_acc 0.203 erank 1.1 (-524.3k tok/s)
step  15600 loss 2.6380 [ntp=0.243 backchain=2.395 bc_g=0.000 bc_m=1.080 bc_a=3.711] path_acc 0.211 decision_acc 0.211 erank 1.1 (-600.3k tok/s)
step  16000 loss 2.5834 [ntp=0.244 backchain=2.339 bc_g=0.000 bc_m=1.068 bc_a=3.610] path_acc 0.207 decision_acc 0.207 erank 1.1 (-696.3k tok/s)
step  16400 loss 2.5478 [ntp=0.239 backchain=2.308 bc_g=0.000 bc_m=1.043 bc_a=3.574] path_acc 0.207 decision_acc 0.207 erank 1.1 (-818.0k tok/s)
step  16800 loss 2.4777 [ntp=0.237 backchain=2.241 bc_g=0.000 bc_m=1.002 bc_a=3.479] path_acc 0.219 decision_acc 0.219 erank 1.1 (-982.1k tok/s)
step  17200 loss 2.4507 [ntp=0.238 backchain=2.213 bc_g=0.000 bc_m=0.986 bc_a=3.439] path_acc 0.230 decision_acc 0.230 erank 1.1 (-1218.9k tok/s)
step  17600 loss 2.4219 [ntp=0.238 backchain=2.184 bc_g=0.000 bc_m=0.983 bc_a=3.384] path_acc 0.207 decision_acc 0.207 erank 1.1 (-1553.3k tok/s)
step  18000 loss 2.3695 [ntp=0.238 backchain=2.131 bc_g=0.000 bc_m=0.951 bc_a=3.311] path_acc 0.234 decision_acc 0.234 erank 1.1 (-2163.9k tok/s)
step  18400 loss 2.3264 [ntp=0.240 backchain=2.086 bc_g=0.000 bc_m=0.935 bc_a=3.238] path_acc 0.191 decision_acc 0.191 erank 1.1 (-3462.7k tok/s)
step  18800 loss 2.2590 [ntp=0.232 backchain=2.027 bc_g=0.000 bc_m=0.899 bc_a=3.155] path_acc 0.168 decision_acc 0.168 erank 1.1 (-8150.5k tok/s)
step  19200 loss 2.2121 [ntp=0.238 backchain=1.974 bc_g=0.000 bc_m=0.857 bc_a=3.091] path_acc 0.199 decision_acc 0.199 erank 1.1 (27362.9k tok/s)
step  19600 loss 2.1770 [ntp=0.239 backchain=1.938 bc_g=0.004 bc_m=0.823 bc_a=3.049] path_acc 0.172 decision_acc 0.172 erank 1.0 (5284.1k tok/s)
step  20000 loss 2.1053 [ntp=0.238 backchain=1.867 bc_g=0.000 bc_m=0.789 bc_a=2.945] path_acc 0.211 decision_acc 0.211 erank 1.0 (2980.9k tok/s)
step  20400 loss 2.0725 [ntp=0.239 backchain=1.833 bc_g=0.000 bc_m=0.823 bc_a=2.842] path_acc 0.234 decision_acc 0.234 erank 1.0 (2102.8k tok/s)
step  20800 loss 2.0097 [ntp=0.242 backchain=1.768 bc_g=0.000 bc_m=0.785 bc_a=2.751] path_acc 0.191 decision_acc 0.191 erank 1.0 (1637.1k tok/s)
step  21200 loss 1.9251 [ntp=0.243 backchain=1.682 bc_g=0.000 bc_m=0.749 bc_a=2.615] path_acc 0.203 decision_acc 0.203 erank 1.0 (1351.2k tok/s)
step  21600 loss 1.8474 [ntp=0.230 backchain=1.617 bc_g=0.000 bc_m=0.753 bc_a=2.481] path_acc 0.184 decision_acc 0.184 erank 1.0 (1194.2k tok/s)
step  22000 loss 1.7946 [ntp=0.232 backchain=1.563 bc_g=0.000 bc_m=0.751 bc_a=2.374] path_acc 0.160 decision_acc 0.160 erank 1.0 (1063.4k tok/s)
step  22400 loss 1.7463 [ntp=0.236 backchain=1.510 bc_g=0.000 bc_m=0.747 bc_a=2.273] path_acc 0.176 decision_acc 0.176 erank 1.0 (958.7k tok/s)
step  22800 loss 1.7040 [ntp=0.237 backchain=1.467 bc_g=0.000 bc_m=0.713 bc_a=2.220] path_acc 0.242 decision_acc 0.242 erank 1.0 (874.3k tok/s)
step  23200 loss 1.6975 [ntp=0.243 backchain=1.455 bc_g=0.000 bc_m=0.727 bc_a=2.182] path_acc 0.180 decision_acc 0.180 erank 1.0 (800.0k tok/s)
step  23600 loss 1.6522 [ntp=0.233 backchain=1.419 bc_g=0.000 bc_m=0.707 bc_a=2.132] path_acc 0.211 decision_acc 0.211 erank 1.0 (738.4k tok/s)
step  24000 loss 1.6412 [ntp=0.233 backchain=1.408 bc_g=0.000 bc_m=0.708 bc_a=2.108] path_acc 0.191 decision_acc 0.191 erank 1.0 (689.5k tok/s)
SUMMARY {"run": "hp_bc_24k_const_seed1", "config": "configs/ablation/hp_bc_24k_const.yaml", "device": "cuda", "params": 5099008, "steps": 24000, "final": {"path_acc": 0.19140625, "decision_acc": 0.19140625}, "best": {"path_acc": 0.25, "decision_acc": 0.25}, "eranks": {"erank_0": 36.3, "erank_1": 1.09, "erank_2": 1.01, "erank_3": 1.01, "erank_4": 1.01, "erank_5": 1.02, "erank_6": 1.02}, "wall_s": 387.6}
[hp_bc_24k_const_seed2] device=cuda params=5.10M vocab=56 seq_len=87
step    400 loss 6.0957 [ntp=2.059 backchain=4.037 bc_g=2.390 bc_m=3.197 bc_a=2.486] path_acc 0.000 decision_acc 0.070 erank 49.3 (130.9k tok/s)
step    800 loss 2.5484 [ntp=0.435 backchain=2.114 bc_g=0.047 bc_m=3.012 bc_a=1.168] path_acc 0.164 decision_acc 0.164 erank 26.6 (133.3k tok/s)
step   1200 loss 2.1576 [ntp=0.351 backchain=1.807 bc_g=0.010 bc_m=2.793 bc_a=0.811] path_acc 0.184 decision_acc 0.188 erank 5.5 (133.9k tok/s)
step   1600 loss 1.7246 [ntp=0.304 backchain=1.421 bc_g=0.002 bc_m=2.126 bc_a=0.714] path_acc 0.215 decision_acc 0.215 erank 2.6 (133.9k tok/s)
step   2000 loss 1.6469 [ntp=0.299 backchain=1.348 bc_g=0.002 bc_m=2.019 bc_a=0.675] path_acc 0.250 decision_acc 0.250 erank 1.7 (133.8k tok/s)
step   2400 loss 1.5823 [ntp=0.258 backchain=1.324 bc_g=0.002 bc_m=1.944 bc_a=0.703] path_acc 0.191 decision_acc 0.191 erank 1.4 (133.9k tok/s)
step   2800 loss 1.5327 [ntp=0.264 backchain=1.269 bc_g=0.001 bc_m=1.787 bc_a=0.750] path_acc 0.172 decision_acc 0.172 erank 1.3 (133.9k tok/s)
step   3200 loss 1.4808 [ntp=0.260 backchain=1.221 bc_g=0.004 bc_m=1.685 bc_a=0.752] path_acc 0.203 decision_acc 0.203 erank 1.3 (134.0k tok/s)
step   3600 loss 1.4713 [ntp=0.255 backchain=1.216 bc_g=0.001 bc_m=1.624 bc_a=0.807] path_acc 0.242 decision_acc 0.242 erank 1.2 (134.2k tok/s)
step   4000 loss 1.4703 [ntp=0.253 backchain=1.217 bc_g=0.001 bc_m=1.592 bc_a=0.841] path_acc 0.164 decision_acc 0.164 erank 1.2 (134.3k tok/s)
step   4400 loss 1.4732 [ntp=0.248 backchain=1.226 bc_g=0.001 bc_m=1.553 bc_a=0.897] path_acc 0.191 decision_acc 0.191 erank 1.1 (134.6k tok/s)
step   4800 loss 1.4875 [ntp=0.250 backchain=1.238 bc_g=0.001 bc_m=1.528 bc_a=0.947] path_acc 0.184 decision_acc 0.184 erank 1.1 (136.0k tok/s)
step   5200 loss 1.4913 [ntp=0.246 backchain=1.245 bc_g=0.001 bc_m=1.495 bc_a=0.994] path_acc 0.203 decision_acc 0.203 erank 1.1 (136.1k tok/s)
step   5600 loss 1.5134 [ntp=0.254 backchain=1.260 bc_g=0.001 bc_m=1.453 bc_a=1.066] path_acc 0.227 decision_acc 0.227 erank 1.1 (136.0k tok/s)
step   6000 loss 1.5205 [ntp=0.251 backchain=1.269 bc_g=0.000 bc_m=1.396 bc_a=1.142] path_acc 0.246 decision_acc 0.246 erank 1.1 (136.0k tok/s)
step   6400 loss 1.5708 [ntp=0.247 backchain=1.324 bc_g=0.000 bc_m=1.410 bc_a=1.238] path_acc 0.164 decision_acc 0.164 erank 1.1 (136.2k tok/s)
step   6800 loss 1.5912 [ntp=0.250 backchain=1.341 bc_g=0.001 bc_m=1.353 bc_a=1.329] path_acc 0.219 decision_acc 0.219 erank 1.1 (136.3k tok/s)
step   7200 loss 1.6273 [ntp=0.251 backchain=1.376 bc_g=0.000 bc_m=1.353 bc_a=1.399] path_acc 0.199 decision_acc 0.199 erank 1.1 (136.3k tok/s)
step   7600 loss 1.5831 [ntp=0.235 backchain=1.348 bc_g=0.001 bc_m=1.175 bc_a=1.520] path_acc 0.215 decision_acc 0.215 erank 1.1 (136.1k tok/s)
step   8000 loss 1.6742 [ntp=0.247 backchain=1.427 bc_g=0.001 bc_m=1.185 bc_a=1.667] path_acc 0.219 decision_acc 0.219 erank 1.1 (136.3k tok/s)
step   8400 loss 1.7002 [ntp=0.236 backchain=1.464 bc_g=0.001 bc_m=1.140 bc_a=1.787] path_acc 0.238 decision_acc 0.238 erank 1.1 (136.3k tok/s)
step   8800 loss 1.7822 [ntp=0.253 backchain=1.530 bc_g=0.000 bc_m=1.156 bc_a=1.903] path_acc 0.191 decision_acc 0.191 erank 1.1 (136.2k tok/s)
step   9200 loss 1.8150 [ntp=0.242 backchain=1.573 bc_g=0.000 bc_m=1.121 bc_a=2.025] path_acc 0.203 decision_acc 0.203 erank 1.1 (136.1k tok/s)
step   9600 loss 1.8621 [ntp=0.239 backchain=1.623 bc_g=0.000 bc_m=1.096 bc_a=2.149] path_acc 0.191 decision_acc 0.191 erank 1.1 (136.2k tok/s)
step  10000 loss 1.9224 [ntp=0.248 backchain=1.675 bc_g=0.000 bc_m=1.092 bc_a=2.257] path_acc 0.203 decision_acc 0.203 erank 1.1 (136.1k tok/s)
step  10400 loss 1.9442 [ntp=0.241 backchain=1.703 bc_g=0.000 bc_m=1.088 bc_a=2.319] path_acc 0.195 decision_acc 0.195 erank 1.1 (136.1k tok/s)
step  10800 loss 1.9923 [ntp=0.248 backchain=1.744 bc_g=0.000 bc_m=1.090 bc_a=2.398] path_acc 0.199 decision_acc 0.199 erank 1.1 (136.1k tok/s)
step  11200 loss 2.0156 [ntp=0.233 backchain=1.783 bc_g=0.000 bc_m=1.083 bc_a=2.482] path_acc 0.195 decision_acc 0.195 erank 1.1 (136.3k tok/s)
step  11600 loss 2.0577 [ntp=0.246 backchain=1.812 bc_g=0.000 bc_m=1.068 bc_a=2.556] path_acc 0.219 decision_acc 0.219 erank 1.1 (136.2k tok/s)
step  12000 loss 2.0766 [ntp=0.242 backchain=1.834 bc_g=0.000 bc_m=1.056 bc_a=2.612] path_acc 0.184 decision_acc 0.184 erank 1.1 (136.2k tok/s)
step  12400 loss 2.1049 [ntp=0.239 backchain=1.866 bc_g=0.000 bc_m=1.045 bc_a=2.687] path_acc 0.215 decision_acc 0.215 erank 1.1 (136.3k tok/s)
step  12800 loss 2.1280 [ntp=0.239 backchain=1.889 bc_g=0.000 bc_m=1.019 bc_a=2.758] path_acc 0.176 decision_acc 0.176 erank 1.1 (136.5k tok/s)
step  13200 loss 2.1605 [ntp=0.242 backchain=1.919 bc_g=0.010 bc_m=1.021 bc_a=2.807] path_acc 0.172 decision_acc 0.172 erank 1.1 (136.6k tok/s)
step  13600 loss 2.1720 [ntp=0.237 backchain=1.935 bc_g=0.000 bc_m=0.997 bc_a=2.872] path_acc 0.164 decision_acc 0.164 erank 1.1 (136.6k tok/s)
step  14000 loss 2.1942 [ntp=0.242 backchain=1.952 bc_g=0.000 bc_m=1.018 bc_a=2.886] path_acc 0.195 decision_acc 0.195 erank 1.1 (136.5k tok/s)
step  14400 loss 2.1991 [ntp=0.235 backchain=1.964 bc_g=0.001 bc_m=0.997 bc_a=2.930] path_acc 0.148 decision_acc 0.148 erank 1.1 (136.5k tok/s)
step  14800 loss 2.2348 [ntp=0.243 backchain=1.992 bc_g=0.000 bc_m=1.013 bc_a=2.970] path_acc 0.137 decision_acc 0.137 erank 1.1 (136.9k tok/s)
step  15200 loss 2.2286 [ntp=0.238 backchain=1.990 bc_g=0.008 bc_m=0.983 bc_a=2.990] path_acc 0.184 decision_acc 0.184 erank 1.0 (137.7k tok/s)
step  15600 loss 2.2346 [ntp=0.235 backchain=2.000 bc_g=0.000 bc_m=0.962 bc_a=3.037] path_acc 0.238 decision_acc 0.238 erank 1.1 (138.9k tok/s)
step  16000 loss 2.2706 [ntp=0.242 backchain=2.029 bc_g=0.000 bc_m=0.974 bc_a=3.084] path_acc 0.195 decision_acc 0.195 erank 1.1 (140.1k tok/s)
step  16400 loss 2.2895 [ntp=0.242 backchain=2.048 bc_g=0.000 bc_m=1.001 bc_a=3.094] path_acc 0.172 decision_acc 0.172 erank 1.1 (141.2k tok/s)
step  16800 loss 2.2657 [ntp=0.237 backchain=2.029 bc_g=0.000 bc_m=0.957 bc_a=3.100] path_acc 0.258 decision_acc 0.258 erank 1.1 (142.3k tok/s)
step  17200 loss 2.2937 [ntp=0.243 backchain=2.051 bc_g=0.000 bc_m=0.945 bc_a=3.157] path_acc 0.172 decision_acc 0.172 erank 1.1 (143.0k tok/s)
step  17600 loss 2.2910 [ntp=0.244 backchain=2.047 bc_g=0.000 bc_m=0.967 bc_a=3.126] path_acc 0.168 decision_acc 0.168 erank 1.1 (142.8k tok/s)
step  18000 loss 2.2856 [ntp=0.236 backchain=2.050 bc_g=0.000 bc_m=0.956 bc_a=3.144] path_acc 0.184 decision_acc 0.184 erank 1.1 (142.7k tok/s)
step  18400 loss 2.2642 [ntp=0.241 backchain=2.023 bc_g=0.000 bc_m=0.942 bc_a=3.104] path_acc 0.219 decision_acc 0.219 erank 1.1 (142.5k tok/s)
step  18800 loss 2.2362 [ntp=0.234 backchain=2.002 bc_g=0.002 bc_m=0.918 bc_a=3.085] path_acc 0.211 decision_acc 0.211 erank 1.1 (142.3k tok/s)
step  19200 loss 2.1468 [ntp=0.232 backchain=1.915 bc_g=0.000 bc_m=0.827 bc_a=3.003] path_acc 0.246 decision_acc 0.246 erank 1.1 (143.2k tok/s)
step  19600 loss 1.9267 [ntp=0.090 backchain=1.837 bc_g=0.000 bc_m=0.792 bc_a=2.882] path_acc 0.723 decision_acc 0.723 erank 1.2 (144.1k tok/s)
step  20000 loss 1.8602 [ntp=0.073 backchain=1.787 bc_g=0.000 bc_m=0.779 bc_a=2.795] path_acc 0.773 decision_acc 0.773 erank 1.2 (144.7k tok/s)
step  20400 loss 1.8608 [ntp=0.074 backchain=1.786 bc_g=0.001 bc_m=0.789 bc_a=2.783] path_acc 0.797 decision_acc 0.797 erank 1.2 (145.6k tok/s)
step  20800 loss 1.8250 [ntp=0.078 backchain=1.747 bc_g=0.000 bc_m=0.766 bc_a=2.728] path_acc 0.773 decision_acc 0.773 erank 1.2 (146.4k tok/s)
step  21200 loss 1.8207 [ntp=0.057 backchain=1.764 bc_g=0.001 bc_m=0.785 bc_a=2.740] path_acc 0.793 decision_acc 0.793 erank 1.3 (147.2k tok/s)
step  21600 loss 1.8149 [ntp=0.057 backchain=1.758 bc_g=0.000 bc_m=0.786 bc_a=2.730] path_acc 0.824 decision_acc 0.824 erank 1.3 (148.0k tok/s)
step  22000 loss 1.8468 [ntp=0.073 backchain=1.773 bc_g=0.000 bc_m=0.793 bc_a=2.753] path_acc 0.824 decision_acc 0.824 erank 1.2 (148.8k tok/s)
step  22400 loss 1.8243 [ntp=0.056 backchain=1.769 bc_g=0.001 bc_m=0.763 bc_a=2.773] path_acc 0.816 decision_acc 0.816 erank 1.2 (149.5k tok/s)
step  22800 loss 1.8199 [ntp=0.038 backchain=1.782 bc_g=0.000 bc_m=0.756 bc_a=2.808] path_acc 0.840 decision_acc 0.840 erank 1.2 (150.3k tok/s)
step  23200 loss 1.8468 [ntp=0.056 backchain=1.790 bc_g=0.000 bc_m=0.761 bc_a=2.819] path_acc 0.836 decision_acc 0.836 erank 1.2 (151.0k tok/s)
step  23600 loss 1.8496 [ntp=0.042 backchain=1.808 bc_g=0.000 bc_m=0.772 bc_a=2.844] path_acc 0.859 decision_acc 0.863 erank 1.2 (150.7k tok/s)
step  24000 loss 1.8235 [ntp=0.022 backchain=1.801 bc_g=0.012 bc_m=0.737 bc_a=2.853] path_acc 0.926 decision_acc 0.926 erank 1.2 (150.5k tok/s)
SUMMARY {"run": "hp_bc_24k_const_seed2", "config": "configs/ablation/hp_bc_24k_const.yaml", "device": "cuda", "params": 5099008, "steps": 24000, "final": {"path_acc": 0.92578125, "decision_acc": 0.92578125}, "best": {"path_acc": 0.92578125, "decision_acc": 0.92578125}, "eranks": {"erank_0": 33.55, "erank_1": 5.21, "erank_2": 1.03, "erank_3": 1.03, "erank_4": 1.04, "erank_5": 1.05, "erank_6": 1.19}, "wall_s": 1776.1}
[hp_bc_24k_hi_seed0] device=cuda params=5.10M vocab=56 seq_len=87
step    400 loss 6.1085 [ntp=2.076 backchain=4.032 bc_g=2.447 bc_m=3.297 bc_a=2.320] path_acc 0.000 decision_acc 0.043 erank 28.5 (129.8k tok/s)
step    800 loss 5.4738 [ntp=1.984 backchain=3.490 bc_g=2.314 bc_m=2.975 bc_a=1.691] path_acc 0.000 decision_acc 0.059 erank 1.6 (131.1k tok/s)
step   1200 loss 2.9506 [ntp=0.402 backchain=2.548 bc_g=0.064 bc_m=2.459 bc_a=2.574] path_acc 0.211 decision_acc 0.219 erank 1.3 (132.4k tok/s)
step   1600 loss 2.8205 [ntp=0.334 backchain=2.487 bc_g=0.025 bc_m=2.181 bc_a=2.767] path_acc 0.203 decision_acc 0.203 erank 1.2 (133.7k tok/s)
step   2000 loss 2.1355 [ntp=0.299 backchain=1.837 bc_g=0.003 bc_m=2.031 bc_a=1.640] path_acc 0.195 decision_acc 0.195 erank 1.1 (133.9k tok/s)
step   2400 loss 1.8751 [ntp=0.308 backchain=1.567 bc_g=0.007 bc_m=1.983 bc_a=1.144] path_acc 0.148 decision_acc 0.148 erank 1.1 (133.9k tok/s)
step   2800 loss 1.8914 [ntp=0.275 backchain=1.616 bc_g=0.001 bc_m=1.915 bc_a=1.316] path_acc 0.195 decision_acc 0.199 erank 1.2 (135.2k tok/s)
step   3200 loss 2.0307 [ntp=0.266 backchain=1.765 bc_g=0.001 bc_m=1.833 bc_a=1.696] path_acc 0.211 decision_acc 0.211 erank 1.1 (135.3k tok/s)
step   3600 loss 2.0992 [ntp=0.259 backchain=1.840 bc_g=0.001 bc_m=1.506 bc_a=2.174] path_acc 0.191 decision_acc 0.191 erank 1.1 (135.1k tok/s)
step   4000 loss 2.2691 [ntp=0.254 backchain=2.015 bc_g=0.000 bc_m=1.410 bc_a=2.620] path_acc 0.207 decision_acc 0.207 erank 1.1 (134.9k tok/s)
step   4400 loss 2.4096 [ntp=0.250 backchain=2.160 bc_g=0.001 bc_m=1.412 bc_a=2.906] path_acc 0.207 decision_acc 0.207 erank 1.0 (134.8k tok/s)
step   4800 loss 2.4729 [ntp=0.250 backchain=2.222 bc_g=0.000 bc_m=1.343 bc_a=3.101] path_acc 0.172 decision_acc 0.172 erank 1.0 (134.8k tok/s)
step   5200 loss 2.5452 [ntp=0.251 backchain=2.295 bc_g=0.001 bc_m=1.334 bc_a=3.255] path_acc 0.180 decision_acc 0.180 erank 1.0 (134.7k tok/s)
step   5600 loss 2.5839 [ntp=0.245 backchain=2.339 bc_g=0.000 bc_m=1.325 bc_a=3.353] path_acc 0.219 decision_acc 0.219 erank 1.1 (134.6k tok/s)
step   6000 loss 2.6478 [ntp=0.252 backchain=2.396 bc_g=0.001 bc_m=1.315 bc_a=3.476] path_acc 0.227 decision_acc 0.227 erank 1.1 (135.2k tok/s)
step   6400 loss 2.6596 [ntp=0.242 backchain=2.417 bc_g=0.001 bc_m=1.285 bc_a=3.549] path_acc 0.188 decision_acc 0.188 erank 1.0 (135.1k tok/s)
step   6800 loss 2.6995 [ntp=0.254 backchain=2.446 bc_g=0.000 bc_m=1.266 bc_a=3.625] path_acc 0.227 decision_acc 0.227 erank 1.0 (135.0k tok/s)
step   7200 loss 2.7349 [ntp=0.250 backchain=2.485 bc_g=0.003 bc_m=1.277 bc_a=3.689] path_acc 0.191 decision_acc 0.191 erank 1.1 (135.0k tok/s)
step   7600 loss 2.7489 [ntp=0.250 backchain=2.499 bc_g=0.001 bc_m=1.269 bc_a=3.729] path_acc 0.223 decision_acc 0.223 erank 1.1 (136.1k tok/s)
step   8000 loss 2.6739 [ntp=0.247 backchain=2.427 bc_g=0.003 bc_m=1.136 bc_a=3.715] path_acc 0.227 decision_acc 0.227 erank 1.0 (137.0k tok/s)
step   8400 loss 2.6230 [ntp=0.247 backchain=2.376 bc_g=0.001 bc_m=1.119 bc_a=3.632] path_acc 0.148 decision_acc 0.148 erank 1.0 (136.9k tok/s)
step   8800 loss 2.5984 [ntp=0.247 backchain=2.351 bc_g=0.000 bc_m=1.099 bc_a=3.603] path_acc 0.215 decision_acc 0.215 erank 1.0 (136.9k tok/s)
step   9200 loss 2.5916 [ntp=0.245 backchain=2.347 bc_g=0.000 bc_m=1.087 bc_a=3.606] path_acc 0.207 decision_acc 0.207 erank 1.0 (137.6k tok/s)
step   9600 loss 2.6046 [ntp=0.244 backchain=2.361 bc_g=0.001 bc_m=1.096 bc_a=3.625] path_acc 0.164 decision_acc 0.164 erank 1.0 (137.5k tok/s)
step  10000 loss 2.6062 [ntp=0.241 backchain=2.365 bc_g=0.000 bc_m=1.061 bc_a=3.669] path_acc 0.211 decision_acc 0.211 erank 1.0 (137.3k tok/s)
step  10400 loss 2.6256 [ntp=0.249 backchain=2.376 bc_g=0.000 bc_m=1.062 bc_a=3.690] path_acc 0.172 decision_acc 0.172 erank 1.0 (137.2k tok/s)
step  10800 loss 2.6403 [ntp=0.246 backchain=2.394 bc_g=0.000 bc_m=1.049 bc_a=3.738] path_acc 0.180 decision_acc 0.180 erank 1.0 (137.2k tok/s)
step  11200 loss 2.6267 [ntp=0.240 backchain=2.386 bc_g=0.000 bc_m=1.005 bc_a=3.768] path_acc 0.215 decision_acc 0.215 erank 1.0 (137.1k tok/s)
step  11600 loss 2.6564 [ntp=0.246 backchain=2.411 bc_g=0.000 bc_m=1.029 bc_a=3.792] path_acc 0.176 decision_acc 0.176 erank 1.0 (137.1k tok/s)
step  12000 loss 2.6702 [ntp=0.237 backchain=2.433 bc_g=0.008 bc_m=1.037 bc_a=3.822] path_acc 0.180 decision_acc 0.180 erank 1.0 (137.0k tok/s)
step  12400 loss 2.6744 [ntp=0.242 backchain=2.433 bc_g=0.000 bc_m=1.028 bc_a=3.837] path_acc 0.184 decision_acc 0.184 erank 1.0 (136.9k tok/s)
step  12800 loss 2.6512 [ntp=0.241 backchain=2.411 bc_g=0.000 bc_m=0.988 bc_a=3.833] path_acc 0.207 decision_acc 0.207 erank 1.0 (136.8k tok/s)
step  13200 loss 2.6445 [ntp=0.237 backchain=2.407 bc_g=0.000 bc_m=0.987 bc_a=3.827] path_acc 0.180 decision_acc 0.180 erank 1.0 (136.7k tok/s)
step  13600 loss 2.6239 [ntp=0.240 backchain=2.384 bc_g=0.000 bc_m=0.936 bc_a=3.832] path_acc 0.160 decision_acc 0.160 erank 1.0 (136.7k tok/s)
step  14000 loss 2.6411 [ntp=0.245 backchain=2.396 bc_g=0.000 bc_m=0.971 bc_a=3.821] path_acc 0.164 decision_acc 0.164 erank 1.0 (137.3k tok/s)
step  14400 loss 2.6102 [ntp=0.241 backchain=2.369 bc_g=0.000 bc_m=0.934 bc_a=3.803] path_acc 0.199 decision_acc 0.199 erank 1.0 (137.2k tok/s)
step  14800 loss 2.6088 [ntp=0.241 backchain=2.368 bc_g=0.000 bc_m=0.941 bc_a=3.794] path_acc 0.227 decision_acc 0.227 erank 1.0 (137.2k tok/s)
step  15200 loss 2.6218 [ntp=0.245 backchain=2.377 bc_g=0.000 bc_m=0.969 bc_a=3.784] path_acc 0.234 decision_acc 0.234 erank 1.0 (137.1k tok/s)
step  15600 loss 2.5912 [ntp=0.242 backchain=2.349 bc_g=0.000 bc_m=0.943 bc_a=3.756] path_acc 0.191 decision_acc 0.191 erank 1.0 (137.1k tok/s)
step  16000 loss 2.5694 [ntp=0.239 backchain=2.330 bc_g=0.000 bc_m=0.916 bc_a=3.745] path_acc 0.211 decision_acc 0.211 erank 1.0 (137.0k tok/s)
step  16400 loss 2.5533 [ntp=0.245 backchain=2.308 bc_g=0.000 bc_m=0.911 bc_a=3.705] path_acc 0.203 decision_acc 0.203 erank 1.0 (137.0k tok/s)
step  16800 loss 2.4352 [ntp=0.239 backchain=2.196 bc_g=0.001 bc_m=0.814 bc_a=3.576] path_acc 0.184 decision_acc 0.184 erank 1.0 (136.9k tok/s)
step  17200 loss 2.2494 [ntp=0.153 backchain=2.096 bc_g=0.000 bc_m=0.804 bc_a=3.388] path_acc 0.523 decision_acc 0.523 erank 1.0 (136.8k tok/s)
step  17600 loss 2.1870 [ntp=0.156 backchain=2.031 bc_g=0.002 bc_m=0.817 bc_a=3.245] path_acc 0.539 decision_acc 0.539 erank 1.0 (136.8k tok/s)
step  18000 loss 2.1131 [ntp=0.140 backchain=1.973 bc_g=0.000 bc_m=0.821 bc_a=3.126] path_acc 0.570 decision_acc 0.570 erank 1.0 (136.7k tok/s)
step  18400 loss 2.0663 [ntp=0.137 backchain=1.929 bc_g=0.000 bc_m=0.802 bc_a=3.056] path_acc 0.547 decision_acc 0.547 erank 1.0 (136.6k tok/s)
step  18800 loss 2.0429 [ntp=0.134 backchain=1.909 bc_g=0.001 bc_m=0.806 bc_a=3.011] path_acc 0.559 decision_acc 0.559 erank 1.0 (136.6k tok/s)
step  19200 loss 2.0256 [ntp=0.153 backchain=1.872 bc_g=0.000 bc_m=0.806 bc_a=2.938] path_acc 0.504 decision_acc 0.504 erank 1.0 (136.5k tok/s)
step  19600 loss 1.9831 [ntp=0.153 backchain=1.830 bc_g=0.000 bc_m=0.779 bc_a=2.880] path_acc 0.578 decision_acc 0.578 erank 1.0 (136.5k tok/s)
step  20000 loss 1.9209 [ntp=0.125 backchain=1.796 bc_g=0.001 bc_m=0.804 bc_a=2.786] path_acc 0.531 decision_acc 0.531 erank 1.0 (136.6k tok/s)
step  20400 loss 1.8619 [ntp=0.126 backchain=1.736 bc_g=0.000 bc_m=0.780 bc_a=2.691] path_acc 0.523 decision_acc 0.523 erank 1.0 (136.6k tok/s)
step  20800 loss 1.8386 [ntp=0.130 backchain=1.709 bc_g=0.000 bc_m=0.760 bc_a=2.658] path_acc 0.523 decision_acc 0.523 erank 1.0 (136.5k tok/s)
step  21200 loss 1.8215 [ntp=0.127 backchain=1.694 bc_g=0.003 bc_m=0.761 bc_a=2.624] path_acc 0.605 decision_acc 0.605 erank 1.0 (136.5k tok/s)
step  21600 loss 1.8123 [ntp=0.123 backchain=1.689 bc_g=0.000 bc_m=0.773 bc_a=2.604] path_acc 0.645 decision_acc 0.648 erank 1.0 (136.4k tok/s)
step  22000 loss 1.7946 [ntp=0.101 backchain=1.694 bc_g=0.000 bc_m=0.775 bc_a=2.613] path_acc 0.699 decision_acc 0.699 erank 1.0 (136.4k tok/s)
step  22400 loss 1.8083 [ntp=0.110 backchain=1.699 bc_g=0.001 bc_m=0.760 bc_a=2.637] path_acc 0.719 decision_acc 0.719 erank 1.0 (136.4k tok/s)
step  22800 loss 1.7899 [ntp=0.091 backchain=1.699 bc_g=0.000 bc_m=0.757 bc_a=2.641] path_acc 0.762 decision_acc 0.762 erank 1.0 (136.8k tok/s)
step  23200 loss 1.7767 [ntp=0.090 backchain=1.687 bc_g=0.000 bc_m=0.768 bc_a=2.607] path_acc 0.715 decision_acc 0.715 erank 1.0 (137.6k tok/s)
step  23600 loss 1.7856 [ntp=0.091 backchain=1.695 bc_g=0.000 bc_m=0.768 bc_a=2.621] path_acc 0.723 decision_acc 0.723 erank 1.0 (138.4k tok/s)
step  24000 loss 1.7377 [ntp=0.051 backchain=1.687 bc_g=0.001 bc_m=0.768 bc_a=2.605] path_acc 0.887 decision_acc 0.887 erank 1.0 (139.2k tok/s)
SUMMARY {"run": "hp_bc_24k_hi_seed0", "config": "configs/ablation/hp_bc_24k_hi.yaml", "device": "cuda", "params": 5099008, "steps": 24000, "final": {"path_acc": 0.88671875, "decision_acc": 0.88671875}, "best": {"path_acc": 0.88671875, "decision_acc": 0.88671875}, "eranks": {"erank_0": 32.08, "erank_1": 1.22, "erank_2": 1.0, "erank_3": 1.0, "erank_4": 1.01, "erank_5": 1.01, "erank_6": 1.01}, "wall_s": 1920.6}
[hp_bc_24k_hi_seed1] device=cuda params=5.10M vocab=56 seq_len=87
step    400 loss 6.1984 [ntp=2.100 backchain=4.098 bc_g=2.465 bc_m=3.259 bc_a=2.471] path_acc 0.000 decision_acc 0.055 erank 4.7 (144.7k tok/s)
step    800 loss 4.7191 [ntp=0.999 backchain=3.720 bc_g=2.129 bc_m=3.069 bc_a=2.240] path_acc 0.059 decision_acc 0.152 erank 1.3 (155.3k tok/s)
step   1200 loss 2.7594 [ntp=0.355 backchain=2.404 bc_g=0.014 bc_m=2.338 bc_a=2.457] path_acc 0.234 decision_acc 0.238 erank 1.4 (160.9k tok/s)
step   1600 loss 2.7302 [ntp=0.340 backchain=2.390 bc_g=0.003 bc_m=2.043 bc_a=2.735] path_acc 0.223 decision_acc 0.223 erank 1.2 (162.8k tok/s)
step   2000 loss 2.4425 [ntp=0.299 backchain=2.144 bc_g=0.002 bc_m=1.964 bc_a=2.322] path_acc 0.199 decision_acc 0.199 erank 1.1 (157.0k tok/s)
step   2400 loss 2.2484 [ntp=0.279 backchain=1.969 bc_g=0.002 bc_m=1.900 bc_a=2.036] path_acc 0.207 decision_acc 0.207 erank 1.1 (157.9k tok/s)
step   2800 loss 2.1825 [ntp=0.261 backchain=1.922 bc_g=0.006 bc_m=1.817 bc_a=2.021] path_acc 0.227 decision_acc 0.227 erank 1.1 (157.1k tok/s)
step   3200 loss 2.1462 [ntp=0.263 backchain=1.883 bc_g=0.001 bc_m=1.618 bc_a=2.148] path_acc 0.191 decision_acc 0.191 erank 1.0 (155.9k tok/s)
step   3600 loss 2.1740 [ntp=0.252 backchain=1.922 bc_g=0.001 bc_m=1.537 bc_a=2.305] path_acc 0.207 decision_acc 0.207 erank 1.0 (154.4k tok/s)
step   4000 loss 2.2409 [ntp=0.253 backchain=1.988 bc_g=0.006 bc_m=1.490 bc_a=2.480] path_acc 0.184 decision_acc 0.184 erank 1.0 (153.9k tok/s)
step   4400 loss 2.3499 [ntp=0.261 backchain=2.089 bc_g=0.001 bc_m=1.442 bc_a=2.735] path_acc 0.191 decision_acc 0.191 erank 1.0 (152.4k tok/s)
step   4800 loss 2.4097 [ntp=0.245 backchain=2.165 bc_g=0.001 bc_m=1.398 bc_a=2.931] path_acc 0.188 decision_acc 0.188 erank 1.0 (151.1k tok/s)
step   5200 loss 2.5092 [ntp=0.250 backchain=2.260 bc_g=0.000 bc_m=1.421 bc_a=3.098] path_acc 0.176 decision_acc 0.176 erank 1.0 (152.8k tok/s)
step   5600 loss 2.6083 [ntp=0.249 backchain=2.360 bc_g=0.002 bc_m=1.422 bc_a=3.296] path_acc 0.172 decision_acc 0.172 erank 1.0 (152.3k tok/s)
step   6000 loss 2.6675 [ntp=0.244 backchain=2.423 bc_g=0.000 bc_m=1.417 bc_a=3.430] path_acc 0.191 decision_acc 0.191 erank 1.0 (151.5k tok/s)
step   6400 loss 2.7220 [ntp=0.247 backchain=2.475 bc_g=0.000 bc_m=1.379 bc_a=3.571] path_acc 0.160 decision_acc 0.160 erank 1.0 (151.5k tok/s)
step   6800 loss 2.7495 [ntp=0.241 backchain=2.508 bc_g=0.000 bc_m=1.319 bc_a=3.697] path_acc 0.184 decision_acc 0.184 erank 1.0 (150.8k tok/s)
step   7200 loss 2.8009 [ntp=0.237 backchain=2.564 bc_g=0.000 bc_m=1.311 bc_a=3.817] path_acc 0.191 decision_acc 0.191 erank 1.0 (150.5k tok/s)
step   7600 loss 2.8603 [ntp=0.240 backchain=2.620 bc_g=0.000 bc_m=1.301 bc_a=3.940] path_acc 0.156 decision_acc 0.156 erank 1.0 (150.6k tok/s)
step   8000 loss 2.9200 [ntp=0.244 backchain=2.676 bc_g=0.000 bc_m=1.295 bc_a=4.056] path_acc 0.199 decision_acc 0.199 erank 1.0 (151.1k tok/s)
step   8400 loss 2.9334 [ntp=0.245 backchain=2.688 bc_g=0.000 bc_m=1.219 bc_a=4.157] path_acc 0.164 decision_acc 0.164 erank 1.0 (150.4k tok/s)
step   8800 loss 2.9645 [ntp=0.243 backchain=2.721 bc_g=0.000 bc_m=1.223 bc_a=4.220] path_acc 0.180 decision_acc 0.180 erank 1.0 (149.9k tok/s)
step   9200 loss 2.9121 [ntp=0.239 backchain=2.673 bc_g=0.000 bc_m=1.111 bc_a=4.234] path_acc 0.191 decision_acc 0.191 erank 1.1 (150.9k tok/s)
step   9600 loss 2.6887 [ntp=0.183 backchain=2.506 bc_g=0.000 bc_m=0.975 bc_a=4.036] path_acc 0.590 decision_acc 0.590 erank 1.0 (150.5k tok/s)
step  10000 loss 2.5722 [ntp=0.146 backchain=2.426 bc_g=0.000 bc_m=0.953 bc_a=3.898] path_acc 0.648 decision_acc 0.648 erank 1.0 (150.0k tok/s)
step  10400 loss 2.5356 [ntp=0.126 backchain=2.410 bc_g=0.000 bc_m=0.949 bc_a=3.870] path_acc 0.707 decision_acc 0.707 erank 1.0 (150.0k tok/s)
step  10800 loss 2.5315 [ntp=0.136 backchain=2.396 bc_g=0.000 bc_m=0.938 bc_a=3.854] path_acc 0.680 decision_acc 0.680 erank 1.0 (149.8k tok/s)
step  11200 loss 2.4564 [ntp=0.087 backchain=2.370 bc_g=0.000 bc_m=0.893 bc_a=3.846] path_acc 0.781 decision_acc 0.781 erank 1.0 (150.5k tok/s)
step  11600 loss 2.4042 [ntp=0.065 backchain=2.339 bc_g=0.000 bc_m=0.857 bc_a=3.821] path_acc 0.809 decision_acc 0.809 erank 1.0 (150.9k tok/s)
step  12000 loss 2.4050 [ntp=0.070 backchain=2.335 bc_g=0.000 bc_m=0.861 bc_a=3.809] path_acc 0.828 decision_acc 0.828 erank 1.0 (151.1k tok/s)
step  12400 loss 2.3739 [ntp=0.076 backchain=2.298 bc_g=0.000 bc_m=0.841 bc_a=3.754] path_acc 0.812 decision_acc 0.812 erank 1.0 (150.8k tok/s)
step  12800 loss 2.3250 [ntp=0.068 backchain=2.257 bc_g=0.000 bc_m=0.816 bc_a=3.698] path_acc 0.836 decision_acc 0.840 erank 1.0 (150.2k tok/s)
step  13200 loss 2.2751 [ntp=0.057 backchain=2.218 bc_g=0.000 bc_m=0.826 bc_a=3.611] path_acc 0.840 decision_acc 0.840 erank 1.0 (149.8k tok/s)
step  13600 loss 2.2691 [ntp=0.071 backchain=2.198 bc_g=0.001 bc_m=0.858 bc_a=3.536] path_acc 0.805 decision_acc 0.805 erank 1.0 (149.4k tok/s)
step  14000 loss 2.1817 [ntp=0.056 backchain=2.125 bc_g=0.000 bc_m=0.817 bc_a=3.434] path_acc 0.816 decision_acc 0.816 erank 1.0 (149.2k tok/s)
step  14400 loss 2.1805 [ntp=0.070 backchain=2.111 bc_g=0.002 bc_m=0.827 bc_a=3.392] path_acc 0.820 decision_acc 0.820 erank 1.0 (148.9k tok/s)
step  14800 loss 2.1406 [ntp=0.059 backchain=2.081 bc_g=0.000 bc_m=0.821 bc_a=3.341] path_acc 0.820 decision_acc 0.820 erank 1.0 (148.7k tok/s)
step  15200 loss 2.1239 [ntp=0.069 backchain=2.055 bc_g=0.000 bc_m=0.815 bc_a=3.295] path_acc 0.840 decision_acc 0.840 erank 1.0 (148.7k tok/s)
step  15600 loss 2.0720 [ntp=0.048 backchain=2.024 bc_g=0.000 bc_m=0.798 bc_a=3.249] path_acc 0.875 decision_acc 0.875 erank 1.0 (148.4k tok/s)
step  16000 loss 2.0764 [ntp=0.066 backchain=2.010 bc_g=0.000 bc_m=0.797 bc_a=3.224] path_acc 0.883 decision_acc 0.883 erank 1.0 (148.0k tok/s)
step  16400 loss 2.0476 [ntp=0.055 backchain=1.992 bc_g=0.000 bc_m=0.778 bc_a=3.206] path_acc 0.840 decision_acc 0.840 erank 1.0 (147.7k tok/s)
step  16800 loss 2.0115 [ntp=0.043 backchain=1.968 bc_g=0.000 bc_m=0.783 bc_a=3.153] path_acc 0.855 decision_acc 0.855 erank 1.0 (147.4k tok/s)
step  17200 loss 2.0361 [ntp=0.045 backchain=1.991 bc_g=0.001 bc_m=0.829 bc_a=3.152] path_acc 0.848 decision_acc 0.848 erank 1.1 (147.0k tok/s)
step  17600 loss 2.0033 [ntp=0.051 backchain=1.952 bc_g=0.000 bc_m=0.777 bc_a=3.128] path_acc 0.852 decision_acc 0.852 erank 1.0 (147.1k tok/s)
step  18000 loss 1.9821 [ntp=0.049 backchain=1.933 bc_g=0.000 bc_m=0.768 bc_a=3.099] path_acc 0.840 decision_acc 0.840 erank 1.0 (147.1k tok/s)
step  18400 loss 1.9680 [ntp=0.052 backchain=1.916 bc_g=0.000 bc_m=0.770 bc_a=3.061] path_acc 0.828 decision_acc 0.828 erank 1.0 (147.1k tok/s)
step  18800 loss 1.9887 [ntp=0.057 backchain=1.931 bc_g=0.000 bc_m=0.797 bc_a=3.066] path_acc 0.828 decision_acc 0.828 erank 1.0 (147.0k tok/s)
step  19200 loss 1.9538 [ntp=0.051 backchain=1.903 bc_g=0.000 bc_m=0.788 bc_a=3.018] path_acc 0.852 decision_acc 0.852 erank 1.0 (147.2k tok/s)
step  19600 loss 1.9328 [ntp=0.051 backchain=1.882 bc_g=0.000 bc_m=0.764 bc_a=3.000] path_acc 0.859 decision_acc 0.859 erank 1.0 (147.4k tok/s)
step  20000 loss 1.9204 [ntp=0.049 backchain=1.872 bc_g=0.000 bc_m=0.753 bc_a=2.990] path_acc 0.875 decision_acc 0.875 erank 1.0 (147.3k tok/s)
step  20400 loss 1.9427 [ntp=0.066 backchain=1.877 bc_g=0.000 bc_m=0.769 bc_a=2.984] path_acc 0.863 decision_acc 0.863 erank 1.0 (147.3k tok/s)
step  20800 loss 1.9347 [ntp=0.048 backchain=1.886 bc_g=0.000 bc_m=0.788 bc_a=2.985] path_acc 0.836 decision_acc 0.836 erank 1.0 (147.2k tok/s)
step  21200 loss 1.9003 [ntp=0.044 backchain=1.856 bc_g=0.000 bc_m=0.749 bc_a=2.964] path_acc 0.836 decision_acc 0.836 erank 1.0 (147.3k tok/s)
step  21600 loss 1.8964 [ntp=0.049 backchain=1.847 bc_g=0.000 bc_m=0.750 bc_a=2.945] path_acc 0.828 decision_acc 0.828 erank 1.0 (147.2k tok/s)
step  22000 loss 1.9057 [ntp=0.061 backchain=1.845 bc_g=0.000 bc_m=0.760 bc_a=2.929] path_acc 0.840 decision_acc 0.840 erank 1.0 (147.6k tok/s)
step  22400 loss 1.9085 [ntp=0.054 backchain=1.854 bc_g=0.000 bc_m=0.771 bc_a=2.937] path_acc 0.844 decision_acc 0.844 erank 1.0 (147.7k tok/s)
step  22800 loss 1.8882 [ntp=0.049 backchain=1.839 bc_g=0.000 bc_m=0.745 bc_a=2.934] path_acc 0.863 decision_acc 0.863 erank 1.0 (147.8k tok/s)
step  23200 loss 1.8922 [ntp=0.048 backchain=1.844 bc_g=0.000 bc_m=0.754 bc_a=2.935] path_acc 0.855 decision_acc 0.855 erank 1.0 (147.8k tok/s)
step  23600 loss 1.8892 [ntp=0.049 backchain=1.840 bc_g=0.000 bc_m=0.740 bc_a=2.940] path_acc 0.871 decision_acc 0.871 erank 1.0 (148.1k tok/s)
step  24000 loss 1.9054 [ntp=0.059 backchain=1.847 bc_g=0.000 bc_m=0.750 bc_a=2.944] path_acc 0.867 decision_acc 0.867 erank 1.0 (147.9k tok/s)
SUMMARY {"run": "hp_bc_24k_hi_seed1", "config": "configs/ablation/hp_bc_24k_hi.yaml", "device": "cuda", "params": 5099008, "steps": 24000, "final": {"path_acc": 0.8671875, "decision_acc": 0.8671875}, "best": {"path_acc": 0.8828125, "decision_acc": 0.8828125}, "eranks": {"erank_0": 37.32, "erank_1": 1.7, "erank_2": 1.0, "erank_3": 1.0, "erank_4": 1.0, "erank_5": 1.0, "erank_6": 1.0}, "wall_s": 1806.7}
[hp_bc_24k_hi_seed2] device=cuda params=5.10M vocab=56 seq_len=87
step    400 loss 6.3138 [ntp=2.097 backchain=4.217 bc_g=2.417 bc_m=3.283 bc_a=2.733] path_acc 0.000 decision_acc 0.039 erank 22.5 (131.6k tok/s)
step    800 loss 5.6728 [ntp=1.943 backchain=3.729 bc_g=2.276 bc_m=2.959 bc_a=2.223] path_acc 0.000 decision_acc 0.062 erank 1.3 (134.1k tok/s)
step   1200 loss 6.0613 [ntp=1.924 backchain=4.137 bc_g=2.250 bc_m=2.886 bc_a=3.138] path_acc 0.000 decision_acc 0.051 erank 1.1 (134.2k tok/s)
step   1600 loss 5.5781 [ntp=1.891 backchain=3.687 bc_g=2.207 bc_m=2.814 bc_a=2.352] path_acc 0.000 decision_acc 0.043 erank 1.0 (134.3k tok/s)
step   2000 loss 5.1180 [ntp=1.827 backchain=3.291 bc_g=2.139 bc_m=2.687 bc_a=1.756] path_acc 0.000 decision_acc 0.066 erank 1.0 (135.6k tok/s)
step   2400 loss 5.0782 [ntp=1.816 backchain=3.262 bc_g=2.113 bc_m=2.658 bc_a=1.752] path_acc 0.000 decision_acc 0.055 erank 1.0 (139.2k tok/s)
step   2800 loss 5.0821 [ntp=1.778 backchain=3.304 bc_g=2.072 bc_m=2.603 bc_a=1.933] path_acc 0.000 decision_acc 0.043 erank 1.0 (141.5k tok/s)
step   3200 loss 2.6977 [ntp=0.373 backchain=2.324 bc_g=0.022 bc_m=2.491 bc_a=2.135] path_acc 0.211 decision_acc 0.211 erank 1.0 (140.5k tok/s)
step   3600 loss 2.5963 [ntp=0.309 backchain=2.288 bc_g=0.012 bc_m=2.133 bc_a=2.431] path_acc 0.176 decision_acc 0.180 erank 1.0 (139.8k tok/s)
step   4000 loss 2.6559 [ntp=0.268 backchain=2.388 bc_g=0.018 bc_m=1.953 bc_a=2.806] path_acc 0.211 decision_acc 0.211 erank 1.0 (139.2k tok/s)
step   4400 loss 2.6787 [ntp=0.269 backchain=2.410 bc_g=0.001 bc_m=1.861 bc_a=2.958] path_acc 0.191 decision_acc 0.191 erank 1.0 (140.3k tok/s)
step   4800 loss 2.6840 [ntp=0.269 backchain=2.415 bc_g=0.001 bc_m=1.810 bc_a=3.018] path_acc 0.195 decision_acc 0.199 erank 1.0 (140.9k tok/s)
step   5200 loss 2.7119 [ntp=0.269 backchain=2.443 bc_g=0.004 bc_m=1.778 bc_a=3.104] path_acc 0.234 decision_acc 0.234 erank 1.0 (141.7k tok/s)
step   5600 loss 2.7176 [ntp=0.252 backchain=2.465 bc_g=0.002 bc_m=1.769 bc_a=3.160] path_acc 0.215 decision_acc 0.215 erank 1.0 (141.5k tok/s)
step   6000 loss 2.6874 [ntp=0.264 backchain=2.423 bc_g=0.001 bc_m=1.666 bc_a=3.179] path_acc 0.234 decision_acc 0.234 erank 1.0 (142.5k tok/s)
step   6400 loss 2.6511 [ntp=0.251 backchain=2.401 bc_g=0.000 bc_m=1.615 bc_a=3.186] path_acc 0.184 decision_acc 0.184 erank 1.0 (142.2k tok/s)
step   6800 loss 2.6428 [ntp=0.250 backchain=2.392 bc_g=0.003 bc_m=1.541 bc_a=3.242] path_acc 0.230 decision_acc 0.230 erank 1.0 (142.8k tok/s)
step   7200 loss 2.6892 [ntp=0.260 backchain=2.430 bc_g=0.000 bc_m=1.568 bc_a=3.291] path_acc 0.219 decision_acc 0.219 erank 1.0 (143.0k tok/s)
step   7600 loss 2.6952 [ntp=0.246 backchain=2.449 bc_g=0.001 bc_m=1.539 bc_a=3.359] path_acc 0.211 decision_acc 0.211 erank 1.0 (143.2k tok/s)
step   8000 loss 2.7274 [ntp=0.254 backchain=2.473 bc_g=0.001 bc_m=1.529 bc_a=3.417] path_acc 0.219 decision_acc 0.219 erank 1.0 (143.2k tok/s)
step   8400 loss 2.7474 [ntp=0.241 backchain=2.506 bc_g=0.000 bc_m=1.501 bc_a=3.510] path_acc 0.258 decision_acc 0.258 erank 1.0 (143.0k tok/s)
step   8800 loss 2.7922 [ntp=0.260 backchain=2.532 bc_g=0.000 bc_m=1.502 bc_a=3.562] path_acc 0.184 decision_acc 0.184 erank 1.0 (143.0k tok/s)
step   9200 loss 2.8080 [ntp=0.248 backchain=2.560 bc_g=0.000 bc_m=1.476 bc_a=3.644] path_acc 0.188 decision_acc 0.188 erank 1.0 (143.2k tok/s)
step   9600 loss 2.8330 [ntp=0.248 backchain=2.585 bc_g=0.000 bc_m=1.452 bc_a=3.717] path_acc 0.219 decision_acc 0.219 erank 1.0 (143.6k tok/s)
step  10000 loss 2.8644 [ntp=0.248 backchain=2.616 bc_g=0.000 bc_m=1.470 bc_a=3.763] path_acc 0.172 decision_acc 0.172 erank 1.0 (143.5k tok/s)
step  10400 loss 2.8938 [ntp=0.249 backchain=2.645 bc_g=0.005 bc_m=1.447 bc_a=3.839] path_acc 0.207 decision_acc 0.207 erank 1.0 (144.2k tok/s)
step  10800 loss 2.9306 [ntp=0.259 backchain=2.672 bc_g=0.000 bc_m=1.463 bc_a=3.880] path_acc 0.168 decision_acc 0.168 erank 1.0 (143.9k tok/s)
step  11200 loss 2.9240 [ntp=0.230 backchain=2.694 bc_g=0.000 bc_m=1.420 bc_a=3.968] path_acc 0.191 decision_acc 0.191 erank 1.0 (143.6k tok/s)
step  11600 loss 2.8966 [ntp=0.241 backchain=2.655 bc_g=0.000 bc_m=1.376 bc_a=3.934] path_acc 0.223 decision_acc 0.223 erank 1.0 (143.4k tok/s)
step  12000 loss 2.8680 [ntp=0.246 backchain=2.622 bc_g=0.000 bc_m=1.360 bc_a=3.884] path_acc 0.188 decision_acc 0.188 erank 1.0 (143.4k tok/s)
step  12400 loss 2.8361 [ntp=0.248 backchain=2.589 bc_g=0.000 bc_m=1.318 bc_a=3.859] path_acc 0.254 decision_acc 0.254 erank 1.0 (143.5k tok/s)
step  12800 loss 2.8137 [ntp=0.246 backchain=2.568 bc_g=0.000 bc_m=1.284 bc_a=3.851] path_acc 0.223 decision_acc 0.223 erank 1.0 (143.9k tok/s)
step  13200 loss 2.7660 [ntp=0.239 backchain=2.527 bc_g=0.000 bc_m=1.241 bc_a=3.812] path_acc 0.215 decision_acc 0.215 erank 1.0 (143.7k tok/s)
step  13600 loss 2.6922 [ntp=0.235 backchain=2.457 bc_g=0.000 bc_m=1.186 bc_a=3.729] path_acc 0.195 decision_acc 0.195 erank 1.1 (143.5k tok/s)
step  14000 loss 2.6351 [ntp=0.247 backchain=2.389 bc_g=0.000 bc_m=1.182 bc_a=3.594] path_acc 0.172 decision_acc 0.172 erank 1.0 (143.4k tok/s)
step  14400 loss 2.5592 [ntp=0.242 backchain=2.318 bc_g=0.000 bc_m=1.119 bc_a=3.516] path_acc 0.141 decision_acc 0.141 erank 1.1 (144.0k tok/s)
step  14800 loss 2.5707 [ntp=0.246 backchain=2.325 bc_g=0.000 bc_m=1.146 bc_a=3.503] path_acc 0.176 decision_acc 0.176 erank 1.0 (144.2k tok/s)
step  15200 loss 2.5557 [ntp=0.248 backchain=2.308 bc_g=0.001 bc_m=1.131 bc_a=3.483] path_acc 0.203 decision_acc 0.203 erank 1.0 (144.7k tok/s)
step  15600 loss 2.5339 [ntp=0.241 backchain=2.293 bc_g=0.001 bc_m=1.114 bc_a=3.471] path_acc 0.227 decision_acc 0.227 erank 1.0 (144.4k tok/s)
step  16000 loss 2.5221 [ntp=0.243 backchain=2.279 bc_g=0.000 bc_m=1.087 bc_a=3.470] path_acc 0.199 decision_acc 0.199 erank 1.0 (144.2k tok/s)
step  16400 loss 2.5191 [ntp=0.242 backchain=2.277 bc_g=0.000 bc_m=1.118 bc_a=3.437] path_acc 0.152 decision_acc 0.152 erank 1.0 (144.2k tok/s)
step  16800 loss 2.4888 [ntp=0.243 backchain=2.246 bc_g=0.007 bc_m=1.070 bc_a=3.414] path_acc 0.230 decision_acc 0.230 erank 1.1 (144.6k tok/s)
step  17200 loss 2.4754 [ntp=0.242 backchain=2.234 bc_g=0.000 bc_m=1.044 bc_a=3.423] path_acc 0.188 decision_acc 0.188 erank 1.0 (145.1k tok/s)
step  17600 loss 2.4795 [ntp=0.243 backchain=2.237 bc_g=0.000 bc_m=1.070 bc_a=3.403] path_acc 0.211 decision_acc 0.211 erank 1.0 (145.1k tok/s)
step  18000 loss 2.4758 [ntp=0.238 backchain=2.237 bc_g=0.001 bc_m=1.080 bc_a=3.393] path_acc 0.168 decision_acc 0.168 erank 1.0 (144.9k tok/s)
step  18400 loss 2.4592 [ntp=0.239 backchain=2.220 bc_g=0.000 bc_m=1.046 bc_a=3.395] path_acc 0.191 decision_acc 0.191 erank 1.0 (144.8k tok/s)
step  18800 loss 2.4828 [ntp=0.236 backchain=2.247 bc_g=0.001 bc_m=1.054 bc_a=3.439] path_acc 0.191 decision_acc 0.191 erank 1.0 (144.7k tok/s)
step  19200 loss 2.4924 [ntp=0.243 backchain=2.249 bc_g=0.000 bc_m=1.049 bc_a=3.449] path_acc 0.230 decision_acc 0.230 erank 1.1 (144.6k tok/s)
step  19600 loss 2.4909 [ntp=0.241 backchain=2.250 bc_g=0.004 bc_m=1.070 bc_a=3.428] path_acc 0.160 decision_acc 0.160 erank 1.0 (144.4k tok/s)
step  20000 loss 2.4479 [ntp=0.235 backchain=2.213 bc_g=0.003 bc_m=1.013 bc_a=3.409] path_acc 0.219 decision_acc 0.219 erank 1.0 (144.3k tok/s)
step  20400 loss 2.4647 [ntp=0.238 backchain=2.227 bc_g=0.004 bc_m=1.043 bc_a=3.406] path_acc 0.230 decision_acc 0.230 erank 1.1 (144.2k tok/s)
step  20800 loss 2.4416 [ntp=0.244 backchain=2.197 bc_g=0.001 bc_m=0.992 bc_a=3.402] path_acc 0.219 decision_acc 0.219 erank 1.0 (144.6k tok/s)
step  21200 loss 2.4311 [ntp=0.239 backchain=2.192 bc_g=0.000 bc_m=1.013 bc_a=3.370] path_acc 0.215 decision_acc 0.215 erank 1.0 (144.6k tok/s)
step  21600 loss 2.4292 [ntp=0.250 backchain=2.180 bc_g=0.000 bc_m=1.026 bc_a=3.333] path_acc 0.188 decision_acc 0.188 erank 1.0 (144.5k tok/s)
step  22000 loss 2.3946 [ntp=0.237 backchain=2.157 bc_g=0.000 bc_m=1.001 bc_a=3.314] path_acc 0.207 decision_acc 0.207 erank 1.0 (144.7k tok/s)
step  22400 loss 2.3953 [ntp=0.245 backchain=2.150 bc_g=0.000 bc_m=0.990 bc_a=3.310] path_acc 0.199 decision_acc 0.199 erank 1.0 (144.5k tok/s)
step  22800 loss 2.3933 [ntp=0.244 backchain=2.150 bc_g=0.000 bc_m=0.987 bc_a=3.312] path_acc 0.164 decision_acc 0.164 erank 1.0 (144.5k tok/s)
step  23200 loss 2.3668 [ntp=0.241 backchain=2.126 bc_g=0.000 bc_m=0.956 bc_a=3.294] path_acc 0.242 decision_acc 0.242 erank 1.1 (144.5k tok/s)
step  23600 loss 2.3789 [ntp=0.248 backchain=2.131 bc_g=0.000 bc_m=0.988 bc_a=3.274] path_acc 0.199 decision_acc 0.199 erank 1.1 (144.3k tok/s)
step  24000 loss 2.3356 [ntp=0.235 backchain=2.101 bc_g=0.000 bc_m=0.957 bc_a=3.245] path_acc 0.199 decision_acc 0.199 erank 1.1 (144.3k tok/s)
SUMMARY {"run": "hp_bc_24k_hi_seed2", "config": "configs/ablation/hp_bc_24k_hi.yaml", "device": "cuda", "params": 5099008, "steps": 24000, "final": {"path_acc": 0.19921875, "decision_acc": 0.19921875}, "best": {"path_acc": 0.2578125, "decision_acc": 0.2578125}, "eranks": {"erank_0": 36.32, "erank_1": 2.28, "erank_2": 1.04, "erank_3": 1.06, "erank_4": 1.06, "erank_5": 1.06, "erank_6": 1.07}, "wall_s": 1851.8}
[hp_bc_24k_wd_seed0] device=cuda params=5.10M vocab=56 seq_len=87
step    400 loss 5.9053 [ntp=2.037 backchain=3.868 bc_g=2.382 bc_m=3.219 bc_a=2.135] path_acc 0.000 decision_acc 0.066 erank 28.9 (133.3k tok/s)
step    800 loss 2.8767 [ntp=0.501 backchain=2.376 bc_g=0.613 bc_m=3.070 bc_a=1.069] path_acc 0.172 decision_acc 0.172 erank 49.0 (143.5k tok/s)
step   1200 loss 2.0522 [ntp=0.366 backchain=1.686 bc_g=0.008 bc_m=2.638 bc_a=0.725] path_acc 0.207 decision_acc 0.207 erank 15.6 (151.9k tok/s)
step   1600 loss 1.7467 [ntp=0.336 backchain=1.411 bc_g=0.004 bc_m=2.183 bc_a=0.635] path_acc 0.195 decision_acc 0.195 erank 8.3 (148.2k tok/s)
step   2000 loss 1.5827 [ntp=0.294 backchain=1.288 bc_g=0.002 bc_m=2.022 bc_a=0.553] path_acc 0.199 decision_acc 0.199 erank 5.2 (146.3k tok/s)
step   2400 loss 1.6060 [ntp=0.289 backchain=1.317 bc_g=0.002 bc_m=1.983 bc_a=0.650] path_acc 0.164 decision_acc 0.164 erank 3.5 (146.3k tok/s)
step   2800 loss 1.6187 [ntp=0.266 backchain=1.353 bc_g=0.001 bc_m=1.918 bc_a=0.787] path_acc 0.211 decision_acc 0.211 erank 2.3 (145.4k tok/s)
step   3200 loss 1.6631 [ntp=0.254 backchain=1.409 bc_g=0.001 bc_m=1.872 bc_a=0.946] path_acc 0.199 decision_acc 0.199 erank 2.0 (144.0k tok/s)
step   3600 loss 1.7309 [ntp=0.250 backchain=1.481 bc_g=0.001 bc_m=1.847 bc_a=1.113] path_acc 0.188 decision_acc 0.188 erank 1.9 (142.9k tok/s)
step   4000 loss 1.7462 [ntp=0.261 backchain=1.485 bc_g=0.001 bc_m=1.814 bc_a=1.156] path_acc 0.230 decision_acc 0.230 erank 1.7 (141.9k tok/s)
step   4400 loss 1.6719 [ntp=0.248 backchain=1.424 bc_g=0.002 bc_m=1.666 bc_a=1.179] path_acc 0.219 decision_acc 0.219 erank 1.5 (141.2k tok/s)
step   4800 loss 1.6069 [ntp=0.249 backchain=1.358 bc_g=0.001 bc_m=1.529 bc_a=1.185] path_acc 0.207 decision_acc 0.207 erank 1.5 (140.6k tok/s)
step   5200 loss 1.5966 [ntp=0.250 backchain=1.347 bc_g=0.001 bc_m=1.474 bc_a=1.219] path_acc 0.176 decision_acc 0.176 erank 1.5 (140.0k tok/s)
step   5600 loss 1.6304 [ntp=0.249 backchain=1.382 bc_g=0.008 bc_m=1.487 bc_a=1.268] path_acc 0.180 decision_acc 0.180 erank 1.4 (139.6k tok/s)
step   6000 loss 1.6379 [ntp=0.246 backchain=1.392 bc_g=0.001 bc_m=1.462 bc_a=1.322] path_acc 0.230 decision_acc 0.230 erank 1.4 (140.1k tok/s)
step   6400 loss 1.6355 [ntp=0.242 backchain=1.394 bc_g=0.001 bc_m=1.434 bc_a=1.352] path_acc 0.207 decision_acc 0.207 erank 1.3 (142.0k tok/s)
step   6800 loss 1.6325 [ntp=0.252 backchain=1.380 bc_g=0.001 bc_m=1.410 bc_a=1.349] path_acc 0.227 decision_acc 0.227 erank 1.3 (144.2k tok/s)
step   7200 loss 1.6532 [ntp=0.253 backchain=1.400 bc_g=0.001 bc_m=1.435 bc_a=1.363] path_acc 0.180 decision_acc 0.180 erank 1.3 (143.7k tok/s)
step   7600 loss 1.6578 [ntp=0.248 backchain=1.410 bc_g=0.001 bc_m=1.420 bc_a=1.399] path_acc 0.180 decision_acc 0.180 erank 1.3 (143.2k tok/s)
step   8000 loss 1.6437 [ntp=0.251 backchain=1.393 bc_g=0.001 bc_m=1.363 bc_a=1.421] path_acc 0.215 decision_acc 0.215 erank 1.2 (142.6k tok/s)
step   8400 loss 1.6373 [ntp=0.245 backchain=1.392 bc_g=0.001 bc_m=1.369 bc_a=1.414] path_acc 0.203 decision_acc 0.203 erank 1.3 (142.1k tok/s)
step   8800 loss 1.6383 [ntp=0.244 backchain=1.394 bc_g=0.001 bc_m=1.349 bc_a=1.438] path_acc 0.211 decision_acc 0.211 erank 1.3 (141.7k tok/s)
step   9200 loss 1.6491 [ntp=0.249 backchain=1.400 bc_g=0.001 bc_m=1.354 bc_a=1.444] path_acc 0.207 decision_acc 0.207 erank 1.3 (141.4k tok/s)
step   9600 loss 1.6590 [ntp=0.243 backchain=1.416 bc_g=0.001 bc_m=1.351 bc_a=1.479] path_acc 0.148 decision_acc 0.148 erank 1.3 (141.1k tok/s)
step  10000 loss 1.6822 [ntp=0.250 backchain=1.432 bc_g=0.001 bc_m=1.354 bc_a=1.509] path_acc 0.234 decision_acc 0.234 erank 1.3 (140.7k tok/s)
step  10400 loss 1.6837 [ntp=0.255 backchain=1.429 bc_g=0.001 bc_m=1.328 bc_a=1.529] path_acc 0.211 decision_acc 0.211 erank 1.3 (140.4k tok/s)
step  10800 loss 1.6867 [ntp=0.251 backchain=1.435 bc_g=0.002 bc_m=1.318 bc_a=1.551] path_acc 0.246 decision_acc 0.246 erank 1.4 (140.4k tok/s)
step  11200 loss 1.6603 [ntp=0.241 backchain=1.419 bc_g=0.001 bc_m=1.250 bc_a=1.588] path_acc 0.266 decision_acc 0.266 erank 1.4 (140.0k tok/s)
step  11600 loss 1.7054 [ntp=0.247 backchain=1.458 bc_g=0.002 bc_m=1.283 bc_a=1.631] path_acc 0.203 decision_acc 0.203 erank 1.4 (139.7k tok/s)
step  12000 loss 1.7392 [ntp=0.249 backchain=1.490 bc_g=0.002 bc_m=1.299 bc_a=1.680] path_acc 0.172 decision_acc 0.172 erank 1.4 (139.5k tok/s)
step  12400 loss 1.7319 [ntp=0.244 backchain=1.488 bc_g=0.001 bc_m=1.276 bc_a=1.699] path_acc 0.195 decision_acc 0.195 erank 1.4 (139.2k tok/s)
step  12800 loss 1.7618 [ntp=0.246 backchain=1.515 bc_g=0.001 bc_m=1.269 bc_a=1.761] path_acc 0.219 decision_acc 0.219 erank 1.4 (139.0k tok/s)
step  13200 loss 1.7590 [ntp=0.241 backchain=1.518 bc_g=0.001 bc_m=1.252 bc_a=1.784] path_acc 0.207 decision_acc 0.207 erank 1.5 (138.8k tok/s)
step  13600 loss 1.7611 [ntp=0.246 backchain=1.515 bc_g=0.001 bc_m=1.214 bc_a=1.813] path_acc 0.176 decision_acc 0.176 erank 1.4 (138.6k tok/s)
step  14000 loss 1.7845 [ntp=0.246 backchain=1.538 bc_g=0.002 bc_m=1.212 bc_a=1.863] path_acc 0.145 decision_acc 0.145 erank 1.5 (139.2k tok/s)
step  14400 loss 1.7794 [ntp=0.245 backchain=1.534 bc_g=0.002 bc_m=1.180 bc_a=1.886] path_acc 0.211 decision_acc 0.211 erank 1.5 (139.0k tok/s)
step  14800 loss 1.8222 [ntp=0.247 backchain=1.575 bc_g=0.001 bc_m=1.229 bc_a=1.920] path_acc 0.211 decision_acc 0.211 erank 1.4 (138.9k tok/s)
step  15200 loss 1.8222 [ntp=0.247 backchain=1.575 bc_g=0.002 bc_m=1.208 bc_a=1.940] path_acc 0.230 decision_acc 0.230 erank 1.5 (138.8k tok/s)
step  15600 loss 1.8149 [ntp=0.242 backchain=1.573 bc_g=0.001 bc_m=1.178 bc_a=1.967] path_acc 0.207 decision_acc 0.207 erank 1.4 (138.6k tok/s)
step  16000 loss 1.8155 [ntp=0.237 backchain=1.578 bc_g=0.001 bc_m=1.165 bc_a=1.991] path_acc 0.215 decision_acc 0.215 erank 1.5 (138.5k tok/s)
step  16400 loss 1.8362 [ntp=0.245 backchain=1.591 bc_g=0.001 bc_m=1.173 bc_a=2.008] path_acc 0.195 decision_acc 0.195 erank 1.5 (138.4k tok/s)
step  16800 loss 1.8302 [ntp=0.241 backchain=1.590 bc_g=0.001 bc_m=1.150 bc_a=2.028] path_acc 0.219 decision_acc 0.219 erank 1.4 (138.3k tok/s)
step  17200 loss 1.8473 [ntp=0.243 backchain=1.605 bc_g=0.002 bc_m=1.155 bc_a=2.053] path_acc 0.223 decision_acc 0.223 erank 1.4 (138.3k tok/s)
step  17600 loss 1.8411 [ntp=0.245 backchain=1.596 bc_g=0.001 bc_m=1.163 bc_a=2.028] path_acc 0.203 decision_acc 0.203 erank 1.5 (138.2k tok/s)
step  18000 loss 1.8477 [ntp=0.240 backchain=1.607 bc_g=0.001 bc_m=1.164 bc_a=2.049] path_acc 0.188 decision_acc 0.188 erank 1.4 (138.1k tok/s)
step  18400 loss 1.8569 [ntp=0.240 backchain=1.616 bc_g=0.002 bc_m=1.139 bc_a=2.092] path_acc 0.188 decision_acc 0.188 erank 1.4 (138.0k tok/s)
step  18800 loss 1.8544 [ntp=0.241 backchain=1.614 bc_g=0.002 bc_m=1.132 bc_a=2.094] path_acc 0.199 decision_acc 0.199 erank 1.4 (137.9k tok/s)
step  19200 loss 1.8755 [ntp=0.244 backchain=1.632 bc_g=0.001 bc_m=1.150 bc_a=2.112] path_acc 0.207 decision_acc 0.207 erank 1.5 (137.8k tok/s)
step  19600 loss 1.8523 [ntp=0.233 backchain=1.619 bc_g=0.001 bc_m=1.115 bc_a=2.121] path_acc 0.172 decision_acc 0.172 erank 1.4 (137.8k tok/s)
step  20000 loss 1.8795 [ntp=0.243 backchain=1.636 bc_g=0.002 bc_m=1.145 bc_a=2.125] path_acc 0.242 decision_acc 0.242 erank 1.4 (137.8k tok/s)
step  20400 loss 1.8798 [ntp=0.244 backchain=1.636 bc_g=0.001 bc_m=1.137 bc_a=2.133] path_acc 0.219 decision_acc 0.219 erank 1.4 (137.7k tok/s)
step  20800 loss 1.8653 [ntp=0.245 backchain=1.621 bc_g=0.001 bc_m=1.110 bc_a=2.130] path_acc 0.156 decision_acc 0.156 erank 1.4 (137.6k tok/s)
step  21200 loss 1.8988 [ntp=0.245 backchain=1.654 bc_g=0.002 bc_m=1.151 bc_a=2.155] path_acc 0.234 decision_acc 0.234 erank 1.3 (137.6k tok/s)
step  21600 loss 1.8934 [ntp=0.247 backchain=1.647 bc_g=0.001 bc_m=1.127 bc_a=2.165] path_acc 0.211 decision_acc 0.211 erank 1.3 (137.5k tok/s)
step  22000 loss 1.8882 [ntp=0.246 backchain=1.642 bc_g=0.001 bc_m=1.121 bc_a=2.162] path_acc 0.191 decision_acc 0.191 erank 1.3 (137.4k tok/s)
step  22400 loss 1.8793 [ntp=0.236 backchain=1.643 bc_g=0.002 bc_m=1.107 bc_a=2.178] path_acc 0.203 decision_acc 0.203 erank 1.3 (137.4k tok/s)
step  22800 loss 1.8906 [ntp=0.246 backchain=1.645 bc_g=0.001 bc_m=1.089 bc_a=2.199] path_acc 0.188 decision_acc 0.188 erank 1.4 (137.3k tok/s)
step  23200 loss 1.9077 [ntp=0.246 backchain=1.662 bc_g=0.001 bc_m=1.118 bc_a=2.204] path_acc 0.223 decision_acc 0.223 erank 1.2 (137.3k tok/s)
step  23600 loss 1.9124 [ntp=0.242 backchain=1.671 bc_g=0.001 bc_m=1.119 bc_a=2.221] path_acc 0.172 decision_acc 0.172 erank 1.3 (137.2k tok/s)
step  24000 loss 1.9182 [ntp=0.249 backchain=1.669 bc_g=0.001 bc_m=1.110 bc_a=2.227] path_acc 0.219 decision_acc 0.219 erank 1.3 (137.2k tok/s)
SUMMARY {"run": "hp_bc_24k_wd_seed0", "config": "configs/ablation/hp_bc_24k_wd.yaml", "device": "cuda", "params": 5099008, "steps": 24000, "final": {"path_acc": 0.21875, "decision_acc": 0.21875}, "best": {"path_acc": 0.265625, "decision_acc": 0.265625}, "eranks": {"erank_0": 47.07, "erank_1": 6.55, "erank_2": 1.03, "erank_3": 1.05, "erank_4": 1.07, "erank_5": 1.2, "erank_6": 1.26}, "wall_s": 1948.3}
[hp_bc_24k_wd_seed1] device=cuda params=5.10M vocab=56 seq_len=87
step    400 loss 6.0482 [ntp=2.077 backchain=3.971 bc_g=2.427 bc_m=3.206 bc_a=2.309] path_acc 0.000 decision_acc 0.031 erank 6.7 (169.8k tok/s)
step    800 loss 2.5062 [ntp=0.398 backchain=2.109 bc_g=0.033 bc_m=2.941 bc_a=1.243] path_acc 0.215 decision_acc 0.219 erank 17.5 (155.8k tok/s)
step   1200 loss 2.1415 [ntp=0.336 backchain=1.805 bc_g=0.022 bc_m=2.731 bc_a=0.857] path_acc 0.160 decision_acc 0.160 erank 5.2 (149.6k tok/s)
step   1600 loss 1.8342 [ntp=0.310 backchain=1.524 bc_g=0.003 bc_m=2.243 bc_a=0.803] path_acc 0.211 decision_acc 0.211 erank 3.0 (146.4k tok/s)
step   2000 loss 1.6941 [ntp=0.302 backchain=1.392 bc_g=0.002 bc_m=2.067 bc_a=0.715] path_acc 0.188 decision_acc 0.188 erank 2.6 (144.2k tok/s)
step   2400 loss 1.6827 [ntp=0.267 backchain=1.416 bc_g=0.002 bc_m=1.957 bc_a=0.873] path_acc 0.211 decision_acc 0.211 erank 2.5 (142.5k tok/s)
step   2800 loss 1.7976 [ntp=0.261 backchain=1.536 bc_g=0.002 bc_m=1.923 bc_a=1.147] path_acc 0.207 decision_acc 0.207 erank 2.1 (144.7k tok/s)
step   3200 loss 1.7563 [ntp=0.258 backchain=1.498 bc_g=0.001 bc_m=1.654 bc_a=1.340] path_acc 0.160 decision_acc 0.160 erank 2.1 (150.5k tok/s)
step   3600 loss 1.6113 [ntp=0.251 backchain=1.360 bc_g=0.001 bc_m=1.321 bc_a=1.399] path_acc 0.230 decision_acc 0.230 erank 1.6 (155.3k tok/s)
step   4000 loss 1.5207 [ntp=0.260 backchain=1.261 bc_g=0.001 bc_m=1.211 bc_a=1.309] path_acc 0.223 decision_acc 0.223 erank 1.6 (159.2k tok/s)
step   4400 loss 1.4380 [ntp=0.261 backchain=1.177 bc_g=0.000 bc_m=1.210 bc_a=1.143] path_acc 0.195 decision_acc 0.195 erank 1.4 (162.7k tok/s)
step   4800 loss 1.3591 [ntp=0.248 backchain=1.111 bc_g=0.001 bc_m=1.136 bc_a=1.086] path_acc 0.211 decision_acc 0.211 erank 1.4 (161.0k tok/s)
step   5200 loss 1.3291 [ntp=0.252 backchain=1.077 bc_g=0.001 bc_m=1.117 bc_a=1.038] path_acc 0.211 decision_acc 0.211 erank 1.4 (160.4k tok/s)
step   5600 loss 1.3033 [ntp=0.242 backchain=1.061 bc_g=0.000 bc_m=1.096 bc_a=1.025] path_acc 0.164 decision_acc 0.164 erank 1.3 (158.1k tok/s)
step   6000 loss 1.2796 [ntp=0.239 backchain=1.040 bc_g=0.000 bc_m=1.076 bc_a=1.004] path_acc 0.180 decision_acc 0.180 erank 1.3 (157.4k tok/s)
step   6400 loss 1.2526 [ntp=0.248 backchain=1.004 bc_g=0.000 bc_m=1.036 bc_a=0.972] path_acc 0.172 decision_acc 0.172 erank 1.3 (159.8k tok/s)
step   6800 loss 1.2254 [ntp=0.243 backchain=0.983 bc_g=0.000 bc_m=1.017 bc_a=0.948] path_acc 0.184 decision_acc 0.184 erank 1.3 (162.1k tok/s)
step   7200 loss 1.1957 [ntp=0.242 backchain=0.954 bc_g=0.000 bc_m=0.989 bc_a=0.918] path_acc 0.215 decision_acc 0.215 erank 1.3 (164.1k tok/s)
step   7600 loss 1.1835 [ntp=0.236 backchain=0.947 bc_g=0.000 bc_m=0.963 bc_a=0.931] path_acc 0.191 decision_acc 0.191 erank 1.3 (165.9k tok/s)
step   8000 loss 1.1727 [ntp=0.248 backchain=0.925 bc_g=0.000 bc_m=0.878 bc_a=0.971] path_acc 0.219 decision_acc 0.219 erank 1.2 (167.6k tok/s)
step   8400 loss 1.1606 [ntp=0.246 backchain=0.915 bc_g=0.000 bc_m=0.845 bc_a=0.984] path_acc 0.176 decision_acc 0.176 erank 1.2 (169.2k tok/s)
step   8800 loss 1.1323 [ntp=0.243 backchain=0.889 bc_g=0.000 bc_m=0.818 bc_a=0.961] path_acc 0.203 decision_acc 0.203 erank 1.2 (170.7k tok/s)
step   9200 loss 1.1253 [ntp=0.243 backchain=0.882 bc_g=0.000 bc_m=0.790 bc_a=0.975] path_acc 0.184 decision_acc 0.184 erank 1.2 (172.0k tok/s)
step   9600 loss 1.1308 [ntp=0.240 backchain=0.890 bc_g=0.000 bc_m=0.789 bc_a=0.992] path_acc 0.234 decision_acc 0.234 erank 1.2 (171.3k tok/s)
step  10000 loss 0.9619 [ntp=0.035 backchain=0.927 bc_g=0.000 bc_m=0.804 bc_a=1.050] path_acc 0.957 decision_acc 0.961 erank 1.2 (169.4k tok/s)
step  10400 loss 0.9506 [ntp=0.014 backchain=0.936 bc_g=0.000 bc_m=0.809 bc_a=1.063] path_acc 0.980 decision_acc 0.980 erank 1.2 (168.3k tok/s)
step  10800 loss 0.9603 [ntp=0.016 backchain=0.944 bc_g=0.000 bc_m=0.798 bc_a=1.089] path_acc 0.984 decision_acc 0.984 erank 1.3 (166.8k tok/s)
step  11200 loss 0.9548 [ntp=0.016 backchain=0.939 bc_g=0.000 bc_m=0.774 bc_a=1.104] path_acc 0.969 decision_acc 0.969 erank 1.3 (165.4k tok/s)
step  11600 loss 0.9618 [ntp=0.015 backchain=0.947 bc_g=0.000 bc_m=0.776 bc_a=1.117] path_acc 0.984 decision_acc 0.984 erank 1.2 (164.1k tok/s)
step  12000 loss 0.9728 [ntp=0.018 backchain=0.955 bc_g=0.000 bc_m=0.783 bc_a=1.128] path_acc 0.969 decision_acc 0.969 erank 1.2 (162.9k tok/s)
step  12400 loss 0.9361 [ntp=0.013 backchain=0.923 bc_g=0.000 bc_m=0.751 bc_a=1.094] path_acc 0.957 decision_acc 0.957 erank 1.3 (161.7k tok/s)
step  12800 loss 0.9509 [ntp=0.027 backchain=0.923 bc_g=0.000 bc_m=0.749 bc_a=1.097] path_acc 0.984 decision_acc 0.984 erank 1.2 (160.7k tok/s)
step  13200 loss 0.9272 [ntp=0.008 backchain=0.919 bc_g=0.000 bc_m=0.758 bc_a=1.079] path_acc 0.984 decision_acc 0.984 erank 1.2 (160.2k tok/s)
step  13600 loss 0.9344 [ntp=0.004 backchain=0.930 bc_g=0.000 bc_m=0.780 bc_a=1.081] path_acc 0.988 decision_acc 0.988 erank 1.2 (160.9k tok/s)
step  14000 loss 0.9261 [ntp=0.008 backchain=0.918 bc_g=0.000 bc_m=0.739 bc_a=1.096] path_acc 0.992 decision_acc 0.992 erank 1.2 (160.1k tok/s)
step  14400 loss 0.9395 [ntp=0.011 backchain=0.929 bc_g=0.000 bc_m=0.754 bc_a=1.104] path_acc 0.969 decision_acc 0.969 erank 1.2 (159.8k tok/s)
step  14800 loss 0.9312 [ntp=0.006 backchain=0.925 bc_g=0.000 bc_m=0.747 bc_a=1.104] path_acc 0.992 decision_acc 0.992 erank 1.2 (160.8k tok/s)
step  15200 loss 0.9472 [ntp=0.006 backchain=0.942 bc_g=0.000 bc_m=0.757 bc_a=1.126] path_acc 0.977 decision_acc 0.977 erank 1.2 (161.8k tok/s)
step  15600 loss 0.9262 [ntp=0.001 backchain=0.925 bc_g=0.000 bc_m=0.726 bc_a=1.124] path_acc 0.984 decision_acc 0.984 erank 1.2 (162.7k tok/s)
step  16000 loss 0.9179 [ntp=0.001 backchain=0.917 bc_g=0.000 bc_m=0.733 bc_a=1.101] path_acc 0.996 decision_acc 0.996 erank 1.2 (163.6k tok/s)
step  16400 loss 0.9128 [ntp=0.007 backchain=0.905 bc_g=0.000 bc_m=0.714 bc_a=1.097] path_acc 0.992 decision_acc 0.992 erank 1.2 (164.3k tok/s)
step  16800 loss 0.8986 [ntp=0.001 backchain=0.898 bc_g=0.000 bc_m=0.722 bc_a=1.074] path_acc 0.996 decision_acc 0.996 erank 1.2 (163.4k tok/s)
step  17200 loss 0.9103 [ntp=0.006 backchain=0.904 bc_g=0.000 bc_m=0.722 bc_a=1.086] path_acc 0.996 decision_acc 0.996 erank 1.2 (162.6k tok/s)
step  17600 loss 0.9059 [ntp=0.003 backchain=0.902 bc_g=0.000 bc_m=0.729 bc_a=1.076] path_acc 0.992 decision_acc 0.992 erank 1.2 (162.2k tok/s)
step  18000 loss 0.8992 [ntp=0.002 backchain=0.897 bc_g=0.000 bc_m=0.708 bc_a=1.086] path_acc 0.992 decision_acc 0.992 erank 1.2 (161.5k tok/s)
step  18400 loss 0.8940 [ntp=0.004 backchain=0.890 bc_g=0.000 bc_m=0.707 bc_a=1.074] path_acc 0.992 decision_acc 0.992 erank 1.2 (160.8k tok/s)
step  18800 loss 0.9083 [ntp=0.016 backchain=0.892 bc_g=0.000 bc_m=0.714 bc_a=1.070] path_acc 0.980 decision_acc 0.980 erank 1.2 (160.1k tok/s)
step  19200 loss 0.8750 [ntp=0.003 backchain=0.872 bc_g=0.000 bc_m=0.712 bc_a=1.032] path_acc 0.988 decision_acc 0.988 erank 1.2 (159.5k tok/s)
step  19600 loss 0.8869 [ntp=0.005 backchain=0.882 bc_g=0.000 bc_m=0.723 bc_a=1.041] path_acc 0.988 decision_acc 0.988 erank 1.2 (159.0k tok/s)
step  20000 loss 0.8866 [ntp=0.004 backchain=0.883 bc_g=0.000 bc_m=0.705 bc_a=1.061] path_acc 0.988 decision_acc 0.988 erank 1.2 (159.2k tok/s)
step  20400 loss 0.9102 [ntp=0.009 backchain=0.901 bc_g=0.000 bc_m=0.710 bc_a=1.091] path_acc 0.992 decision_acc 0.992 erank 1.2 (159.7k tok/s)
step  20800 loss 0.9286 [ntp=0.002 backchain=0.927 bc_g=0.000 bc_m=0.725 bc_a=1.129] path_acc 0.996 decision_acc 0.996 erank 1.2 (159.2k tok/s)
step  21200 loss 0.9133 [ntp=0.012 backchain=0.901 bc_g=0.000 bc_m=0.708 bc_a=1.094] path_acc 0.992 decision_acc 0.992 erank 1.2 (158.9k tok/s)
step  21600 loss 0.9117 [ntp=0.004 backchain=0.908 bc_g=0.000 bc_m=0.708 bc_a=1.109] path_acc 0.992 decision_acc 0.992 erank 1.2 (158.4k tok/s)
step  22000 loss 0.9351 [ntp=0.011 backchain=0.924 bc_g=0.000 bc_m=0.709 bc_a=1.139] path_acc 0.992 decision_acc 0.992 erank 1.2 (158.1k tok/s)
step  22400 loss 0.9474 [ntp=0.002 backchain=0.945 bc_g=0.000 bc_m=0.729 bc_a=1.161] path_acc 0.992 decision_acc 0.992 erank 1.2 (157.7k tok/s)
step  22800 loss 0.9109 [ntp=0.002 backchain=0.909 bc_g=0.000 bc_m=0.697 bc_a=1.121] path_acc 0.992 decision_acc 0.992 erank 1.2 (157.5k tok/s)
step  23200 loss 0.8856 [ntp=0.005 backchain=0.881 bc_g=0.000 bc_m=0.685 bc_a=1.077] path_acc 1.000 decision_acc 1.000 erank 1.2 (157.2k tok/s)
step  23600 loss 0.8848 [ntp=0.002 backchain=0.883 bc_g=0.000 bc_m=0.695 bc_a=1.070] path_acc 0.988 decision_acc 0.988 erank 1.2 (157.8k tok/s)
step  24000 loss 0.8821 [ntp=0.001 backchain=0.881 bc_g=0.000 bc_m=0.693 bc_a=1.070] path_acc 0.992 decision_acc 0.992 erank 1.3 (158.0k tok/s)
SUMMARY {"run": "hp_bc_24k_wd_seed1", "config": "configs/ablation/hp_bc_24k_wd.yaml", "device": "cuda", "params": 5099008, "steps": 24000, "final": {"path_acc": 0.9921875, "decision_acc": 0.9921875}, "best": {"path_acc": 1.0, "decision_acc": 1.0}, "eranks": {"erank_0": 42.1, "erank_1": 2.6, "erank_2": 1.04, "erank_3": 1.07, "erank_4": 1.17, "erank_5": 1.18, "erank_6": 1.26}, "wall_s": 1691.6}
[hp_bc_24k_wd_seed2] device=cuda params=5.10M vocab=56 seq_len=87
step    400 loss 6.1004 [ntp=2.057 backchain=4.044 bc_g=2.388 bc_m=3.231 bc_a=2.468] path_acc 0.000 decision_acc 0.051 erank 40.3 (147.0k tok/s)
step    800 loss 2.5846 [ntp=0.387 backchain=2.198 bc_g=0.081 bc_m=3.051 bc_a=1.265] path_acc 0.156 decision_acc 0.160 erank 29.5 (142.6k tok/s)
step   1200 loss 2.1751 [ntp=0.356 backchain=1.819 bc_g=0.013 bc_m=2.811 bc_a=0.814] path_acc 0.215 decision_acc 0.215 erank 6.4 (143.0k tok/s)
step   1600 loss 1.8262 [ntp=0.297 backchain=1.529 bc_g=0.004 bc_m=2.379 bc_a=0.674] path_acc 0.223 decision_acc 0.223 erank 3.6 (146.5k tok/s)
step   2000 loss 1.5497 [ntp=0.287 backchain=1.262 bc_g=0.002 bc_m=1.879 bc_a=0.644] path_acc 0.254 decision_acc 0.254 erank 2.4 (145.1k tok/s)
step   2400 loss 1.5002 [ntp=0.252 backchain=1.248 bc_g=0.002 bc_m=1.824 bc_a=0.670] path_acc 0.203 decision_acc 0.203 erank 1.8 (143.1k tok/s)
step   2800 loss 1.3997 [ntp=0.274 backchain=1.125 bc_g=0.007 bc_m=1.581 bc_a=0.663] path_acc 0.203 decision_acc 0.203 erank 1.6 (141.7k tok/s)
step   3200 loss 1.3378 [ntp=0.257 backchain=1.081 bc_g=0.001 bc_m=1.532 bc_a=0.628] path_acc 0.188 decision_acc 0.188 erank 1.4 (140.8k tok/s)
step   3600 loss 1.3323 [ntp=0.250 backchain=1.082 bc_g=0.006 bc_m=1.521 bc_a=0.637] path_acc 0.230 decision_acc 0.230 erank 1.3 (140.1k tok/s)
step   4000 loss 1.3455 [ntp=0.252 backchain=1.094 bc_g=0.008 bc_m=1.507 bc_a=0.672] path_acc 0.145 decision_acc 0.145 erank 1.3 (144.3k tok/s)
step   4400 loss 1.3504 [ntp=0.258 backchain=1.093 bc_g=0.002 bc_m=1.476 bc_a=0.708] path_acc 0.160 decision_acc 0.160 erank 1.2 (148.4k tok/s)
step   4800 loss 1.3576 [ntp=0.255 backchain=1.102 bc_g=0.001 bc_m=1.460 bc_a=0.744] path_acc 0.188 decision_acc 0.188 erank 1.2 (147.3k tok/s)
step   5200 loss 1.3679 [ntp=0.260 backchain=1.108 bc_g=0.001 bc_m=1.420 bc_a=0.794] path_acc 0.203 decision_acc 0.203 erank 1.2 (146.2k tok/s)
step   5600 loss 1.3727 [ntp=0.253 backchain=1.119 bc_g=0.001 bc_m=1.394 bc_a=0.844] path_acc 0.219 decision_acc 0.219 erank 1.2 (145.3k tok/s)
step   6000 loss 1.3886 [ntp=0.257 backchain=1.132 bc_g=0.001 bc_m=1.388 bc_a=0.875] path_acc 0.207 decision_acc 0.207 erank 1.2 (144.7k tok/s)
step   6400 loss 1.3920 [ntp=0.245 backchain=1.147 bc_g=0.001 bc_m=1.346 bc_a=0.947] path_acc 0.203 decision_acc 0.203 erank 1.2 (144.1k tok/s)
step   6800 loss 1.4084 [ntp=0.252 backchain=1.156 bc_g=0.001 bc_m=1.314 bc_a=0.996] path_acc 0.223 decision_acc 0.223 erank 1.2 (143.6k tok/s)
step   7200 loss 1.4397 [ntp=0.254 backchain=1.186 bc_g=0.003 bc_m=1.328 bc_a=1.042] path_acc 0.188 decision_acc 0.188 erank 1.1 (143.4k tok/s)
step   7600 loss 1.4329 [ntp=0.241 backchain=1.192 bc_g=0.001 bc_m=1.304 bc_a=1.080] path_acc 0.227 decision_acc 0.227 erank 1.1 (143.2k tok/s)
step   8000 loss 1.4548 [ntp=0.250 backchain=1.205 bc_g=0.002 bc_m=1.302 bc_a=1.106] path_acc 0.223 decision_acc 0.223 erank 1.1 (142.9k tok/s)
step   8400 loss 1.4402 [ntp=0.239 backchain=1.201 bc_g=0.001 bc_m=1.257 bc_a=1.144] path_acc 0.227 decision_acc 0.227 erank 1.1 (143.3k tok/s)
step   8800 loss 1.4774 [ntp=0.256 backchain=1.222 bc_g=0.001 bc_m=1.268 bc_a=1.174] path_acc 0.176 decision_acc 0.176 erank 1.1 (143.1k tok/s)
step   9200 loss 1.4767 [ntp=0.247 backchain=1.229 bc_g=0.001 bc_m=1.246 bc_a=1.211] path_acc 0.219 decision_acc 0.219 erank 1.1 (143.0k tok/s)
step   9600 loss 1.4859 [ntp=0.251 backchain=1.235 bc_g=0.001 bc_m=1.241 bc_a=1.229] path_acc 0.199 decision_acc 0.199 erank 1.1 (142.7k tok/s)
step  10000 loss 1.5021 [ntp=0.248 backchain=1.254 bc_g=0.001 bc_m=1.234 bc_a=1.272] path_acc 0.207 decision_acc 0.207 erank 1.1 (144.3k tok/s)
step  10400 loss 1.5244 [ntp=0.250 backchain=1.274 bc_g=0.001 bc_m=1.231 bc_a=1.316] path_acc 0.227 decision_acc 0.227 erank 1.1 (146.0k tok/s)
step  10800 loss 1.5338 [ntp=0.249 backchain=1.284 bc_g=0.001 bc_m=1.234 bc_a=1.334] path_acc 0.191 decision_acc 0.191 erank 1.1 (146.7k tok/s)
step  11200 loss 1.5276 [ntp=0.235 backchain=1.292 bc_g=0.007 bc_m=1.227 bc_a=1.350] path_acc 0.191 decision_acc 0.191 erank 1.1 (146.7k tok/s)
step  11600 loss 1.5359 [ntp=0.240 backchain=1.296 bc_g=0.001 bc_m=1.222 bc_a=1.368] path_acc 0.184 decision_acc 0.184 erank 1.1 (147.0k tok/s)
step  12000 loss 1.5493 [ntp=0.253 backchain=1.296 bc_g=0.002 bc_m=1.199 bc_a=1.392] path_acc 0.211 decision_acc 0.211 erank 1.1 (146.9k tok/s)
step  12400 loss 1.5487 [ntp=0.245 backchain=1.304 bc_g=0.001 bc_m=1.192 bc_a=1.415] path_acc 0.254 decision_acc 0.254 erank 1.1 (146.7k tok/s)
step  12800 loss 1.5456 [ntp=0.245 backchain=1.300 bc_g=0.005 bc_m=1.162 bc_a=1.433] path_acc 0.191 decision_acc 0.191 erank 1.1 (146.4k tok/s)
step  13200 loss 1.5524 [ntp=0.240 backchain=1.312 bc_g=0.001 bc_m=1.172 bc_a=1.451] path_acc 0.203 decision_acc 0.203 erank 1.1 (146.1k tok/s)
step  13600 loss 1.5555 [ntp=0.240 backchain=1.316 bc_g=0.001 bc_m=1.155 bc_a=1.475] path_acc 0.203 decision_acc 0.203 erank 1.1 (145.8k tok/s)
step  14000 loss 1.5805 [ntp=0.250 backchain=1.330 bc_g=0.001 bc_m=1.173 bc_a=1.486] path_acc 0.211 decision_acc 0.211 erank 1.1 (145.5k tok/s)
step  14400 loss 1.5678 [ntp=0.238 backchain=1.330 bc_g=0.002 bc_m=1.156 bc_a=1.501] path_acc 0.195 decision_acc 0.195 erank 1.1 (145.8k tok/s)
step  14800 loss 1.5758 [ntp=0.251 backchain=1.325 bc_g=0.001 bc_m=1.147 bc_a=1.501] path_acc 0.184 decision_acc 0.184 erank 1.1 (145.8k tok/s)
step  15200 loss 1.5640 [ntp=0.242 backchain=1.322 bc_g=0.001 bc_m=1.140 bc_a=1.501] path_acc 0.203 decision_acc 0.203 erank 1.1 (145.8k tok/s)
step  15600 loss 1.5599 [ntp=0.235 backchain=1.325 bc_g=0.001 bc_m=1.123 bc_a=1.526] path_acc 0.195 decision_acc 0.195 erank 1.1 (145.7k tok/s)
step  16000 loss 1.5622 [ntp=0.241 backchain=1.322 bc_g=0.001 bc_m=1.109 bc_a=1.533] path_acc 0.207 decision_acc 0.207 erank 1.1 (145.5k tok/s)
step  16400 loss 1.5829 [ntp=0.247 backchain=1.335 bc_g=0.001 bc_m=1.137 bc_a=1.533] path_acc 0.211 decision_acc 0.211 erank 1.1 (145.5k tok/s)
step  16800 loss 1.5706 [ntp=0.246 backchain=1.325 bc_g=0.001 bc_m=1.109 bc_a=1.540] path_acc 0.230 decision_acc 0.230 erank 1.2 (145.5k tok/s)
step  17200 loss 1.5552 [ntp=0.243 backchain=1.313 bc_g=0.002 bc_m=1.074 bc_a=1.550] path_acc 0.188 decision_acc 0.188 erank 1.2 (145.6k tok/s)
step  17600 loss 1.5898 [ntp=0.249 backchain=1.341 bc_g=0.001 bc_m=1.118 bc_a=1.564] path_acc 0.195 decision_acc 0.195 erank 1.2 (145.8k tok/s)
step  18000 loss 1.5819 [ntp=0.239 backchain=1.343 bc_g=0.001 bc_m=1.107 bc_a=1.578] path_acc 0.156 decision_acc 0.156 erank 1.2 (146.1k tok/s)
step  18400 loss 1.5514 [ntp=0.243 backchain=1.309 bc_g=0.002 bc_m=1.059 bc_a=1.556] path_acc 0.234 decision_acc 0.234 erank 1.2 (146.1k tok/s)
step  18800 loss 1.5250 [ntp=0.237 backchain=1.288 bc_g=0.001 bc_m=0.982 bc_a=1.593] path_acc 0.203 decision_acc 0.203 erank 1.2 (146.3k tok/s)
step  19200 loss 1.5499 [ntp=0.244 backchain=1.306 bc_g=0.002 bc_m=0.978 bc_a=1.632] path_acc 0.270 decision_acc 0.270 erank 1.2 (146.1k tok/s)
step  19600 loss 1.5694 [ntp=0.242 backchain=1.327 bc_g=0.001 bc_m=1.003 bc_a=1.650] path_acc 0.152 decision_acc 0.152 erank 1.2 (146.0k tok/s)
step  20000 loss 1.5658 [ntp=0.242 backchain=1.324 bc_g=0.010 bc_m=0.967 bc_a=1.671] path_acc 0.176 decision_acc 0.176 erank 1.2 (146.2k tok/s)
step  20400 loss 1.5797 [ntp=0.244 backchain=1.336 bc_g=0.001 bc_m=0.991 bc_a=1.679] path_acc 0.207 decision_acc 0.207 erank 1.2 (146.0k tok/s)
step  20800 loss 1.5711 [ntp=0.245 backchain=1.326 bc_g=0.001 bc_m=0.954 bc_a=1.698] path_acc 0.195 decision_acc 0.195 erank 1.3 (146.1k tok/s)
step  21200 loss 1.5666 [ntp=0.241 backchain=1.326 bc_g=0.001 bc_m=0.969 bc_a=1.681] path_acc 0.203 decision_acc 0.203 erank 1.3 (146.0k tok/s)
step  21600 loss 1.5839 [ntp=0.250 backchain=1.334 bc_g=0.001 bc_m=1.000 bc_a=1.668] path_acc 0.172 decision_acc 0.172 erank 1.3 (145.9k tok/s)
step  22000 loss 1.5538 [ntp=0.244 backchain=1.310 bc_g=0.009 bc_m=0.971 bc_a=1.640] path_acc 0.242 decision_acc 0.242 erank 1.3 (145.8k tok/s)
step  22400 loss 1.5481 [ntp=0.248 backchain=1.300 bc_g=0.001 bc_m=0.945 bc_a=1.655] path_acc 0.215 decision_acc 0.215 erank 1.3 (145.6k tok/s)
step  22800 loss 1.5448 [ntp=0.247 backchain=1.298 bc_g=0.001 bc_m=0.934 bc_a=1.661] path_acc 0.195 decision_acc 0.195 erank 1.3 (145.4k tok/s)
step  23200 loss 1.5337 [ntp=0.239 backchain=1.295 bc_g=0.001 bc_m=0.940 bc_a=1.648] path_acc 0.230 decision_acc 0.230 erank 1.3 (145.2k tok/s)
step  23600 loss 1.5433 [ntp=0.251 backchain=1.292 bc_g=0.001 bc_m=0.935 bc_a=1.649] path_acc 0.219 decision_acc 0.219 erank 1.3 (145.1k tok/s)
step  24000 loss 1.5324 [ntp=0.238 backchain=1.294 bc_g=0.001 bc_m=0.920 bc_a=1.667] path_acc 0.207 decision_acc 0.207 erank 1.3 (144.9k tok/s)
SUMMARY {"run": "hp_bc_24k_wd_seed2", "config": "configs/ablation/hp_bc_24k_wd.yaml", "device": "cuda", "params": 5099008, "steps": 24000, "final": {"path_acc": 0.20703125, "decision_acc": 0.20703125}, "best": {"path_acc": 0.26953125, "decision_acc": 0.26953125}, "eranks": {"erank_0": 44.62, "erank_1": 1.75, "erank_2": 1.04, "erank_3": 1.13, "erank_4": 1.16, "erank_5": 1.21, "erank_6": 1.32}, "wall_s": 1844.1}
R11 ALL DONE
